{
	"credit": "by SJZMC",
	"textures": {
		"texture": "item/dolls/ting0706"
	},
	"elements": [
		{
			"name": "Box1",
			"from": [4.5, 7, 4.5],
			"to": [11.5, 14, 11.5],
			"faces": {
				"north": {"uv": [2, 2, 4, 4], "texture": "#texture"},
				"east": {"uv": [0, 2, 2, 4], "texture": "#texture"},
				"south": {"uv": [6, 2, 8, 4], "texture": "#texture"},
				"west": {"uv": [4, 2, 6, 4], "texture": "#texture"},
				"up": {"uv": [2, 2, 4, 0], "texture": "#texture"},
				"down": {"uv": [4, 0, 6, 2], "texture": "#texture"}
			}
		},
		{
			"name": "Box2",
			"from": [5.5, 2.5, 6.5],
			"to": [10.5, 7, 9.5],
			"faces": {
				"north": {"uv": [5, 5, 7, 8], "texture": "#texture"},
				"east": {"uv": [4, 5, 5, 8], "texture": "#texture"},
				"south": {"uv": [8, 5, 10, 8], "texture": "#texture"},
				"west": {"uv": [7, 5, 8, 8], "texture": "#texture"},
				"up": {"uv": [5.5, 6.5, 10.5, 9.5], "texture": "#texture"},
				"down": {"uv": [7, 4, 9, 5], "texture": "#texture"}
			}
		},
		{
			"name": "Box3",
			"from": [5.75, -1.75, 5],
			"to": [7.25, -0.25, 8.5],
			"rotation": {"angle": -22.5, "axis": "x", "origin": [0, 0, 0]},
			"faces": {
				"north": {"uv": [3, 5, 2, 4], "rotation": 180, "texture": "#texture"},
				"east": {"uv": [2, 8, 3, 5], "rotation": 90, "texture": "#texture"},
				"south": {"uv": [1, 4, 2, 5], "texture": "#texture"},
				"west": {"uv": [0, 8, 1, 5], "rotation": 270, "texture": "#texture"},
				"up": {"uv": [2, 5, 1, 8], "rotation": 180, "texture": "#texture"},
				"down": {"uv": [3, 5, 4, 8], "texture": "#texture"}
			}
		},
		{
			"name": "Box5",
			"from": [3.5, 4.37, 7.125],
			"to": [6.5, 5.87, 8.625],
			"rotation": {"angle": 22.5, "axis": "z", "origin": [3.38, 3.87, 7.125]},
			"faces": {
				"north": {"uv": [11, 5, 12, 8], "rotation": 270, "texture": "#texture"},
				"east": {"uv": [11, 4, 12, 5], "rotation": 90, "texture": "#texture"},
				"south": {"uv": [12, 5, 13, 8], "rotation": 90, "texture": "#texture"},
				"west": {"uv": [12, 4, 13, 5], "rotation": 90, "texture": "#texture"},
				"up": {"uv": [10, 5, 11, 8], "rotation": 90, "texture": "#texture"},
				"down": {"uv": [13, 5, 14, 8], "rotation": 90, "texture": "#texture"}
			}
		},
		{
			"name": "Box5",
			"from": [9, 4.8, 7.25],
			"to": [12, 6.3, 8.75],
			"rotation": {"angle": -22.5, "axis": "z", "origin": [11.555, 2.815, 7.25]},
			"faces": {
				"north": {"uv": [9, 13, 10, 16], "rotation": 90, "texture": "#texture"},
				"east": {"uv": [10, 12, 11, 13], "rotation": 270, "texture": "#texture"},
				"south": {"uv": [8, 13, 9, 16], "rotation": 270, "texture": "#texture"},
				"west": {"uv": [9, 12, 10, 13], "rotation": 270, "texture": "#texture"},
				"up": {"uv": [10, 13, 11, 16], "rotation": 270, "texture": "#texture"},
				"down": {"uv": [11, 13, 12, 16], "rotation": 270, "texture": "#texture"}
			}
		},
		{
			"name": "Box1",
			"from": [4.4, 6.9, 4.4],
			"to": [11.6, 14.1, 11.6],
			"faces": {
				"north": {"uv": [10, 2, 12.1, 4], "texture": "#texture"},
				"east": {"uv": [8, 2, 10, 4], "texture": "#texture"},
				"south": {"uv": [14, 2, 16, 4], "texture": "#texture"},
				"west": {"uv": [12, 2, 14, 4], "texture": "#texture"},
				"up": {"uv": [10, 0, 12.1, 2], "texture": "#texture"},
				"down": {"uv": [14, 0, 12, 2], "texture": "#texture"}
			}
		},
		{
			"name": "Box3",
			"from": [8.875, -1.7499, 5],
			"to": [10.375, -0.2499, 8.5],
			"rotation": {"angle": -22.5, "axis": "x", "origin": [0, 0, 0]},
			"faces": {
				"north": {"uv": [7, 13, 6, 12], "rotation": 180, "texture": "#texture"},
				"east": {"uv": [6, 16, 7, 13], "rotation": 90, "texture": "#texture"},
				"south": {"uv": [5, 12, 6, 13], "texture": "#texture"},
				"west": {"uv": [4, 16, 5, 13], "rotation": 270, "texture": "#texture"},
				"up": {"uv": [6, 13, 5, 16], "rotation": 180, "texture": "#texture"},
				"down": {"uv": [7, 13, 8, 16], "texture": "#texture"}
			}
		},
		{
			"name": "Box2",
			"from": [5.4, 2.4, 6.4],
			"to": [10.6, 7.1, 9.6],
			"faces": {
				"north": {"uv": [5, 9, 7, 12], "texture": "#texture"},
				"east": {"uv": [4, 9, 5, 12], "texture": "#texture"},
				"south": {"uv": [8, 9, 10, 12], "texture": "#texture"},
				"west": {"uv": [7, 9, 8, 12], "texture": "#texture"},
				"up": {"uv": [5, 8, 7, 9], "texture": "#texture"},
				"down": {"uv": [7, 8, 9, 9], "texture": "#texture"}
			}
		},
		{
			"name": "Box3",
			"from": [5.65, -1.85, 4.9],
			"to": [7.35, -0.15, 8.6],
			"rotation": {"angle": -22.5, "axis": "x", "origin": [0, 0, 0]},
			"faces": {
				"north": {"uv": [3, 9, 2, 8], "rotation": 180, "texture": "#texture"},
				"east": {"uv": [2, 12, 3, 9], "rotation": 90, "texture": "#texture"},
				"south": {"uv": [1, 8, 2, 9], "texture": "#texture"},
				"west": {"uv": [0, 12, 1, 9], "rotation": 270, "texture": "#texture"},
				"up": {"uv": [2, 9, 1, 12], "rotation": 180, "texture": "#texture"},
				"down": {"uv": [3, 9, 4, 12], "texture": "#texture"}
			}
		},
		{
			"name": "Box3",
			"from": [8.775, -1.8499, 4.9],
			"to": [10.475, -0.1499, 8.6],
			"rotation": {"angle": -22.5, "axis": "x", "origin": [0, 0, 0]},
			"faces": {
				"north": {"uv": [3, 13, 2, 12], "rotation": 180, "texture": "#texture"},
				"east": {"uv": [2, 16, 3, 13], "rotation": 90, "texture": "#texture"},
				"south": {"uv": [1, 12, 2, 13], "texture": "#texture"},
				"west": {"uv": [0, 16, 1, 13], "rotation": 270, "texture": "#texture"},
				"up": {"uv": [2, 13, 1, 16], "rotation": 180, "texture": "#texture"},
				"down": {"uv": [3, 13, 4, 16], "texture": "#texture"}
			}
		},
		{
			"name": "Box5",
			"from": [3.5, 4.17, 7.025],
			"to": [6.7, 5.87, 8.725],
			"rotation": {"angle": 22.5, "axis": "z", "origin": [3.28, 3.87, 7.025]},
			"faces": {
				"north": {"uv": [13, 9, 14, 12], "rotation": 270, "texture": "#texture"},
				"east": {"uv": [11, 8, 12, 9], "rotation": 90, "texture": "#texture"},
				"south": {"uv": [11, 9, 12, 12], "rotation": 90, "texture": "#texture"},
				"west": {"uv": [12, 8, 13, 9], "rotation": 90, "texture": "#texture"},
				"up": {"uv": [10, 9, 11, 12], "rotation": 90, "texture": "#texture"},
				"down": {"uv": [12, 9, 13, 12], "rotation": 90, "texture": "#texture"}
			}
		},
		{
			"name": "Box5",
			"from": [8.8, 4.665, 7.16],
			"to": [12, 6.365, 8.86],
			"rotation": {"angle": -22.5, "axis": "z", "origin": [11.505, 2.665, 7.16]},
			"faces": {
				"north": {"uv": [15, 13, 16, 16], "rotation": 90, "texture": "#texture"},
				"east": {"uv": [14, 12, 15, 13], "rotation": 270, "texture": "#texture"},
				"south": {"uv": [13, 13, 14, 16], "rotation": 270, "texture": "#texture"},
				"west": {"uv": [14.5, 12, 13.5, 13], "rotation": 270, "texture": "#texture"},
				"up": {"uv": [14, 13, 15, 16], "rotation": 270, "texture": "#texture"},
				"down": {"uv": [12, 13, 13, 16], "rotation": 270, "texture": "#texture"}
			}
		}
	],
	"gui_light": "front",
	"display": {
		"thirdperson_righthand": {
			"rotation": [31, 79, -16],
			"translation": [0.5, 1.75, 2.5],
			"scale": [0.5, 0.5, 0.5]
		},
		"thirdperson_lefthand": {
			"rotation": [25, 76, -5],
			"translation": [0.5, 1.25, 2.5],
			"scale": [0.5, 0.5, 0.5]
		},
		"firstperson_righthand": {
			"rotation": [0, 135, -15],
			"translation": [1, 3.5, -1],
			"scale": [0.55, 0.55, 0.55]
		},
		"firstperson_lefthand": {
			"rotation": [0, 135, -15],
			"translation": [1, 3.5, -1],
			"scale": [0.55, 0.55, 0.55]
		},
		"ground": {
			"translation": [0, 5.25, 0],
			"scale": [0.65, 0.65, 0.65]
		},
		"gui": {
			"rotation": [-9, 180, 24],
			"translation": [0.25, 0.5, 0],
			"scale": [1.25, 1.25, 1.25]
		},
		"head": {
			"rotation": [0, 0, -3],
			"translation": [9.5, -0.5, -1.25]
		},
		"fixed": {
			"rotation": [-92, 0, 0],
			"translation": [0, 0, -15],
			"scale": [1.7, 1.7, 1.7]
		}
	}
}