{"credit":"MadewithBlockbench","texture_size":[40,40],"textures":{"0":"item/dragonboat/cos_01","3":"item/dragonboat/moon_eff","4":"item/dragonboat/eff03","5":"item/dragonboat/clouds_eff","particle":"item/dragonboat/cos_01"},"elements":[{"from":[9,18.5,7.5],"to":[10,28.5,8.5],"rotation":{"angle":0,"axis":"y","origin":[8,23.5,7.875]},"faces":{"north":{"uv":[9.6,9.6,10,13.6],"texture":"#0"},"east":{"uv":[10,9.6,10.4,13.6],"texture":"#0"},"south":{"uv":[4.8,10.4,5.2,14.4],"texture":"#0"},"west":{"uv":[5.2,10.4,5.6,14.4],"texture":"#0"},"up":{"uv":[9.6,5.6,9.2,5.2],"texture":"#0"},"down":{"uv":[10,2.4,9.6,2.8],"texture":"#0"}}},{"from":[10,25.5,7.5],"to":[11,28.5,8.5],"rotation":{"angle":0,"axis":"y","origin":[8,23.5,7.875]},"faces":{"north":{"uv":[10.4,4,10.8,5.2],"texture":"#0"},"east":{"uv":[10.8,4,11.2,5.2],"texture":"#0"},"south":{"uv":[11.2,6.4,11.6,7.6],"texture":"#0"},"west":{"uv":[7.2,11.2,7.6,12.4],"texture":"#0"},"up":{"uv":[10.4,2.8,10,2.4],"texture":"#0"},"down":{"uv":[2.8,11.6,2.4,12],"texture":"#0"}}},{"from":[11,18.5,7.5],"to":[12,28.5,8.5],"rotation":{"angle":0,"axis":"y","origin":[8,23.5,7.875]},"faces":{"north":{"uv":[5.6,10.4,6,14.4],"texture":"#0"},"east":{"uv":[6,10.4,6.4,14.4],"texture":"#0"},"south":{"uv":[6.4,10.4,6.8,14.4],"texture":"#0"},"west":{"uv":[6.8,10.4,7.2,14.4],"texture":"#0"},"up":{"uv":[12,2.8,11.6,2.4],"texture":"#0"},"down":{"uv":[3.2,11.6,2.8,12],"texture":"#0"}}},{"from":[10,18.5,8],"to":[11,25.5,8.5],"rotation":{"angle":0,"axis":"y","origin":[8,23.5,7.875]},"faces":{"north":{"uv":[10.4,9.6,10.8,12.4],"texture":"#0"},"east":{"uv":[10.8,9.2,11,12],"texture":"#0"},"south":{"uv":[10.8,6.4,11.2,9.2],"texture":"#0"},"west":{"uv":[11.2,2.4,11.4,5.2],"texture":"#0"},"up":{"uv":[12,3.8,11.6,3.6],"texture":"#0"},"down":{"uv":[4.4,11.6,4,11.8],"texture":"#0"}}},{"from":[4,21.5,6.5],"to":[7,25.5,8.5],"rotation":{"angle":0,"axis":"y","origin":[8,23.5,7.875]},"faces":{"north":{"uv":[9.6,6.4,10.8,8],"texture":"#0"},"east":{"uv":[7.2,2.8,8,4.4],"texture":"#0"},"south":{"uv":[9.6,8,10.8,9.6],"texture":"#0"},"west":{"uv":[10.4,2.4,11.2,4],"texture":"#0"},"up":{"uv":[6,4.4,4.8,3.6],"texture":"#0"},"down":{"uv":[7.2,3.6,6,4.4],"texture":"#0"}}},{"from":[4,18.5,7.5],"to":[5,21.5,8.5],"rotation":{"angle":0,"axis":"y","origin":[8,23.5,7.875]},"faces":{"north":{"uv":[7.6,11.2,8,12.4],"texture":"#0"},"east":{"uv":[11.2,7.6,11.6,8.8],"texture":"#0"},"south":{"uv":[8,11.2,8.4,12.4],"texture":"#0"},"west":{"uv":[8.4,11.2,8.8,12.4],"texture":"#0"},"up":{"uv":[12,3.2,11.6,2.8],"texture":"#0"},"down":{"uv":[3.6,11.6,3.2,12],"texture":"#0"}}},{"from":[6,18.5,7.5],"to":[7,21.5,8.5],"rotation":{"angle":0,"axis":"y","origin":[8,23.5,7.875]},"faces":{"north":{"uv":[8.8,11.2,9.2,12.4],"texture":"#0"},"east":{"uv":[11.2,8.8,11.6,10],"texture":"#0"},"south":{"uv":[9.2,11.2,9.6,12.4],"texture":"#0"},"west":{"uv":[11.2,10,11.6,11.2],"texture":"#0"},"up":{"uv":[12,3.6,11.6,3.2],"texture":"#0"},"down":{"uv":[4,11.6,3.6,12],"texture":"#0"}}},{"from":[5,18.5,8],"to":[6,21.5,8.5],"rotation":{"angle":0,"axis":"y","origin":[8,23.5,7.875]},"faces":{"north":{"uv":[11.2,11.2,11.6,12.4],"texture":"#0"},"east":{"uv":[1.6,11.6,1.8,12.8],"texture":"#0"},"south":{"uv":[1.2,11.6,1.6,12.8],"texture":"#0"},"west":{"uv":[2,11.6,2.2,12.8],"texture":"#0"},"up":{"uv":[12,4.2,11.6,4],"texture":"#0"},"down":{"uv":[4.8,11.6,4.4,11.8],"texture":"#0"}}},{"from":[12.275,0.76407,6.09216],"to":[15.275,9.76407,6.09216],"rotation":{"angle":-45,"axis":"x","origin":[8.125,1.80939,9.72292]},"faces":{"north":{"uv":[4.8,0,6,3.6],"texture":"#0"},"east":{"uv":[0,0,0,3.6],"texture":"#0"},"south":{"uv":[0,5.6,1.2,9.2],"texture":"#0"},"west":{"uv":[0,0,0,3.6],"texture":"#0"},"up":{"uv":[1.2,0,0,0],"texture":"#0"},"down":{"uv":[1.2,0,0,0],"texture":"#0"}}},{"from":[10.73443,6.02695,1.53078],"to":[13.73443,13.02695,1.53078],"rotation":{"angle":-22.5,"axis":"z","origin":[8.125,1.80939,9.72292]},"faces":{"north":{"uv":[7.2,0,8.4,2.8],"texture":"#0"},"east":{"uv":[0,0,0,2.8],"texture":"#0"},"south":{"uv":[7.2,5.6,8.4,8.4],"texture":"#0"},"west":{"uv":[0,0,0,2.8],"texture":"#0"},"up":{"uv":[1.2,0,0,0],"texture":"#0"},"down":{"uv":[1.2,0,0,0],"texture":"#0"}}},{"from":[14.375,13.19254,9.38021],"to":[17.375,13.19254,15.38021],"rotation":{"angle":-45,"axis":"x","origin":[8.125,1.80939,9.72292]},"faces":{"north":{"uv":[0,0,1.2,0],"texture":"#0"},"east":{"uv":[0,0,2.4,0],"texture":"#0"},"south":{"uv":[0,0,1.2,0],"texture":"#0"},"west":{"uv":[0,0,2.4,0],"texture":"#0"},"up":{"uv":[2.4,11.6,1.2,9.2],"texture":"#0"},"down":{"uv":[3.6,9.2,2.4,11.6],"texture":"#0"}}},{"from":[4.34395,15.27915,3.92342],"to":[7.34395,15.27915,14.92342],"rotation":{"angle":-45,"axis":"z","origin":[8,1.80939,9.47292]},"faces":{"north":{"uv":[0,0,1.2,0],"texture":"#0"},"east":{"uv":[0,0,4.4,0],"texture":"#0"},"south":{"uv":[0,0,1.2,0],"texture":"#0"},"west":{"uv":[0,0,4.4,0],"texture":"#0"},"up":{"uv":[1.2,4.4,0,0],"texture":"#0"},"down":{"uv":[2.4,0,1.2,4.4],"texture":"#0"}}},{"from":[0.725,0.76407,6.09216],"to":[3.725,9.76407,6.09216],"rotation":{"angle":-45,"axis":"x","origin":[8.125,1.80939,9.72292]},"faces":{"north":{"uv":[1.2,5.6,2.4,9.2],"texture":"#0"},"east":{"uv":[0,0,0,3.6],"texture":"#0"},"south":{"uv":[2.4,5.6,3.6,9.2],"texture":"#0"},"west":{"uv":[0,0,0,3.6],"texture":"#0"},"up":{"uv":[1.2,0,0,0],"texture":"#0"},"down":{"uv":[1.2,0,0,0],"texture":"#0"}}},{"from":[14.375,-2.77246,-6.44337],"to":[17.375,-2.77246,2.55663],"rotation":{"angle":-45,"axis":"x","origin":[8.225,1.80939,9.72292]},"faces":{"north":{"uv":[0,0,1.2,0],"texture":"#0"},"east":{"uv":[0,0,3.6,0],"texture":"#0"},"south":{"uv":[0,0,1.2,0],"texture":"#0"},"west":{"uv":[0,0,3.6,0],"texture":"#0"},"up":{"uv":[4.8,9.2,3.6,5.6],"texture":"#0"},"down":{"uv":[6,5.6,4.8,9.2],"texture":"#0"}}},{"from":[-1.375,-2.77246,-6.44337],"to":[1.625,-2.77246,2.55663],"rotation":{"angle":-45,"axis":"x","origin":[8.025,1.80939,9.72292]},"faces":{"north":{"uv":[0,0,1.2,0],"texture":"#0"},"east":{"uv":[0,0,3.6,0],"texture":"#0"},"south":{"uv":[0,0,1.2,0],"texture":"#0"},"west":{"uv":[0,0,3.6,0],"texture":"#0"},"up":{"uv":[7.2,3.6,6,0],"texture":"#0"},"down":{"uv":[7.2,5.6,6,9.2],"texture":"#0"}}},{"from":[2.2846,6.12262,1.53078],"to":[5.2846,13.12262,1.53078],"rotation":{"angle":22.5,"axis":"z","origin":[8.125,1.80939,9.72292]},"faces":{"north":{"uv":[8,2.8,9.2,5.6],"texture":"#0"},"east":{"uv":[0,0,0,2.8],"texture":"#0"},"south":{"uv":[8.4,0,9.6,2.8],"texture":"#0"},"west":{"uv":[0,0,0,2.8],"texture":"#0"},"up":{"uv":[1.2,0,0,0],"texture":"#0"},"down":{"uv":[1.2,0,0,0],"texture":"#0"}}},{"from":[10.54675,-9.59994,7.89474],"to":[13.54675,-2.59994,7.89474],"rotation":{"angle":22.5,"axis":"z","origin":[8.125,1.80939,9.72292]},"faces":{"north":{"uv":[8.4,5.6,9.6,8.4],"texture":"#0"},"east":{"uv":[0,0,0,2.8],"texture":"#0"},"south":{"uv":[7.2,8.4,8.4,11.2],"texture":"#0"},"west":{"uv":[0,0,0,2.8],"texture":"#0"},"up":{"uv":[1.2,0,0,0],"texture":"#0"},"down":{"uv":[1.2,0,0,0],"texture":"#0"}}},{"from":[2.47228,-9.69561,7.89474],"to":[5.47228,-2.69561,7.89474],"rotation":{"angle":-22.5,"axis":"z","origin":[8.125,1.80939,9.72292]},"faces":{"north":{"uv":[8.4,8.4,9.6,11.2],"texture":"#0"},"east":{"uv":[0,0,0,2.8],"texture":"#0"},"south":{"uv":[0,9.2,1.2,12],"texture":"#0"},"west":{"uv":[0,0,0,2.8],"texture":"#0"},"up":{"uv":[1.2,0,0,0],"texture":"#0"},"down":{"uv":[1.2,0,0,0],"texture":"#0"}}},{"from":[-1.375,13.19254,9.38021],"to":[1.625,13.19254,15.38021],"rotation":{"angle":-45,"axis":"x","origin":[8.125,1.80939,9.72292]},"faces":{"north":{"uv":[0,0,1.2,0],"texture":"#0"},"east":{"uv":[0,0,2.4,0],"texture":"#0"},"south":{"uv":[0,0,1.2,0],"texture":"#0"},"west":{"uv":[0,0,2.4,0],"texture":"#0"},"up":{"uv":[10.4,5.2,9.2,2.8],"texture":"#0"},"down":{"uv":[4.8,9.2,3.6,11.6],"texture":"#0"}}},{"from":[8.65605,15.27915,3.92342],"to":[11.65605,15.27915,14.92342],"rotation":{"angle":45,"axis":"z","origin":[8,1.80939,9.47292]},"faces":{"north":{"uv":[0,0,1.2,0],"texture":"#0"},"east":{"uv":[0,0,4.4,0],"texture":"#0"},"south":{"uv":[0,0,1.2,0],"texture":"#0"},"west":{"uv":[0,0,4.4,0],"texture":"#0"},"up":{"uv":[3.6,4.4,2.4,0],"texture":"#0"},"down":{"uv":[4.8,0,3.6,4.4],"texture":"#0"}}},{"from":[5.61393,11.79856,18.6727],"to":[11.61393,14.79856,18.6727],"rotation":{"angle":45,"axis":"y","origin":[8,1.80939,9.47292]},"faces":{"north":{"uv":[4.8,9.2,7.2,10.4],"texture":"#0"},"east":{"uv":[0,0,0,1.2],"texture":"#0"},"south":{"uv":[9.6,0,12,1.2],"texture":"#0"},"west":{"uv":[0,0,0,1.2],"texture":"#0"},"up":{"uv":[2.4,0,0,0],"texture":"#0"},"down":{"uv":[2.4,0,0,0],"texture":"#0"}}},{"from":[3.175,11.79856,17.66506],"to":[12.825,14.79856,17.66506],"rotation":{"angle":0,"axis":"y","origin":[8.00627,1.80939,9.47292]},"faces":{"north":{"uv":[0,4.4,3.8,5.6],"texture":"#0"},"east":{"uv":[0,0,0,1.2],"texture":"#0"},"south":{"uv":[4,4.4,7.8,5.6],"texture":"#0"},"west":{"uv":[0,0,0,1.2],"texture":"#0"},"up":{"uv":[3.8,0,0,0],"texture":"#0"},"down":{"uv":[3.8,0,0,0],"texture":"#0"}}},{"from":[8.175,11.79856,13.66506],"to":[28.175,31.79856,13.66506],"rotation":{"angle":0,"axis":"y","origin":[9.00627,1.80939,9.47292]},"faces":{"north":{"uv":[0,0,16,16],"texture":"#5"},"east":{"uv":[0,0,0,1.2],"texture":"#5"},"south":{"uv":[16,0,0,16],"texture":"#5"},"west":{"uv":[0,0,0,1.2],"texture":"#5"},"up":{"uv":[3.8,0,0,0],"texture":"#5"},"down":{"uv":[3.8,0,0,0],"texture":"#5"}}},{"from":[-11.825,16.79856,15.66506],"to":[3.175,31.79856,15.66506],"rotation":{"angle":0,"axis":"y","origin":[9.00627,1.80939,9.47292]},"faces":{"north":{"uv":[0,0,16,16],"texture":"#3"},"east":{"uv":[0,0,0,1.2],"texture":"#3"},"south":{"uv":[16,0,0,16],"texture":"#3"},"west":{"uv":[0,0,0,1.2],"texture":"#3"},"up":{"uv":[3.8,0,0,0],"texture":"#3"},"down":{"uv":[3.8,0,0,0],"texture":"#3"}}},{"from":[16.5,7.79856,12.66506],"to":[26.5,17.79856,12.66506],"rotation":{"angle":0,"axis":"y","origin":[7.33127,1.80939,9.47292]},"faces":{"north":{"uv":[0,0,16,16],"texture":"#4"},"east":{"uv":[0,0,0,1.2],"texture":"#4"},"south":{"uv":[16,0,0,16],"texture":"#4"},"west":{"uv":[0,0,0,1.2],"texture":"#4"},"up":{"uv":[3.8,0,0,0],"texture":"#4"},"down":{"uv":[3.8,0,0,0],"texture":"#4"}}},{"from":[-10.5,4.79856,14.66506],"to":[-0.5,14.79856,14.66506],"rotation":{"angle":0,"axis":"y","origin":[7.33127,1.80939,9.47292]},"faces":{"north":{"uv":[0,0,16,16],"texture":"#4"},"east":{"uv":[0,0,0,1.2],"texture":"#4"},"south":{"uv":[16,0,0,16],"texture":"#4"},"west":{"uv":[0,0,0,1.2],"texture":"#4"},"up":{"uv":[3.8,0,0,0],"texture":"#4"},"down":{"uv":[3.8,0,0,0],"texture":"#4"}}},{"from":[-12.175,7.79856,13.66506],"to":[7.825,27.79856,13.66506],"rotation":{"angle":0,"axis":"y","origin":[8.99373,1.80939,9.47292]},"faces":{"north":{"uv":[16,0,0,16],"texture":"#5"},"east":{"uv":[0,0,0,1.2],"texture":"#5"},"south":{"uv":[0,0,16,16],"texture":"#5"},"west":{"uv":[0,0,0,1.2],"texture":"#5"},"up":{"uv":[0,0,3.8,0],"texture":"#5"},"down":{"uv":[0,0,3.8,0],"texture":"#5"}}},{"from":[4.38607,11.79856,18.6727],"to":[10.38607,14.79856,18.6727],"rotation":{"angle":-45,"axis":"y","origin":[8,1.80939,9.47292]},"faces":{"north":{"uv":[9.6,1.2,12,2.4],"texture":"#0"},"east":{"uv":[0,0,0,1.2],"texture":"#0"},"south":{"uv":[9.6,5.2,12,6.4],"texture":"#0"},"west":{"uv":[0,0,0,1.2],"texture":"#0"},"up":{"uv":[2.4,0,0,0],"texture":"#0"},"down":{"uv":[2.4,0,0,0],"texture":"#0"}}}],"gui_light":"front","display":{"thirdperson_righthand":{"rotation":[43,0,0],"translation":[0,0,-1.5],"scale":[0.3457,0.35352,0.3457]},"thirdperson_lefthand":{"rotation":[67.5,0,0],"translation":[-5.5,-1.75,8.25],"scale":[0.9,0.9,0.9]},"firstperson_righthand":{"rotation":[0,169,0],"translation":[7.5,-1.5,-7.25],"scale":[0.5,0.5,0.5]},"firstperson_lefthand":{"scale":[0,0,0]},"ground":{"translation":[0,8,0],"scale":[0.48984,0.48984,0.48984]},"gui":{"rotation":[-170,9,180],"translation":[0,-0.5,0],"scale":[0.30234,0.30234,0.30234]},"head":{"translation":[0,-11.5,0],"scale":[1.5,1.5,1.5]},"fixed":{"rotation":[-90,0,0],"translation":[0,5.25,-25],"scale":[1.08203,1.08203,1.08203]}},"groups":[{"name":"cosmatic_01","origin":[2.82843,11.29856,17.8118],"color":0,"boneType":"","children":[{"name":"head","origin":[6.5,8,8],"color":0,"boneType":"","children":[0,1,2,3,4,5,6,7]},{"name":"group","origin":[2.82843,11.29856,17.8118],"color":0,"boneType":"","children":[8,9,10,11,12,13,14,15,16,17,18,19,20,21,22,23,24,25,26,27]}]}]}