{"credit":"MadewithBlockbench","texture_size":[20,20],"textures":{"0":"item/dragonboat/sword","1":"item/dragonboat/clouds_eff","2":"item/dragonboat/eff01","3":"item/dragonboat/eff03","particle":"item/dragonboat/sword"},"elements":[{"from":[7.25,2.11568,5.6699],"to":[7.25,7.88616,10.96116],"rotation":{"angle":0,"axis":"x","origin":[8,5.00092,8.31553]},"faces":{"north":{"uv":[16,0,0,16],"texture":"#1"},"east":{"uv":[0,0,16,16],"texture":"#1"},"south":{"uv":[16,0,0,16],"texture":"#1"},"west":{"uv":[16,0,0,16],"texture":"#1"},"up":{"uv":[0,0,16,16],"texture":"#1"},"down":{"uv":[0,16,16,0],"texture":"#1"}}},{"from":[7.25,4.11568,5.1699],"to":[7.25,8.88616,9.46116],"rotation":{"angle":0,"axis":"y","origin":[8,7.00092,7.81553]},"faces":{"north":{"uv":[0,0,16,16],"texture":"#1"},"east":{"uv":[16,0,0,16],"texture":"#1"},"south":{"uv":[0,0,16,16],"texture":"#1"},"west":{"uv":[0,0,16,16],"texture":"#1"},"up":{"uv":[16,0,0,16],"rotation":180,"texture":"#1"},"down":{"uv":[16,16,0,0],"rotation":180,"texture":"#1"}}},{"from":[8.75,2.11568,5.6699],"to":[8.75,7.88616,10.96116],"rotation":{"angle":0,"axis":"x","origin":[8,5.00092,8.31553]},"faces":{"north":{"uv":[0,0,16,16],"texture":"#1"},"east":{"uv":[0,0,16,16],"texture":"#1"},"south":{"uv":[0,0,16,16],"texture":"#1"},"west":{"uv":[16,0,0,16],"texture":"#1"},"up":{"uv":[16,0,0,16],"texture":"#1"},"down":{"uv":[16,16,0,0],"texture":"#1"}}},{"from":[8.75,4.11568,5.1699],"to":[8.75,8.88616,9.46116],"rotation":{"angle":0,"axis":"y","origin":[8,7.00092,7.81553]},"faces":{"north":{"uv":[16,0,0,16],"texture":"#1"},"east":{"uv":[16,0,0,16],"texture":"#1"},"south":{"uv":[16,0,0,16],"texture":"#1"},"west":{"uv":[0,0,16,16],"texture":"#1"},"up":{"uv":[0,0,16,16],"rotation":180,"texture":"#1"},"down":{"uv":[0,16,16,0],"rotation":180,"texture":"#1"}}},{"from":[7.34175,5.36071,7.17649],"to":[8.65825,7.33546,9.15125],"rotation":{"angle":-45,"axis":"x","origin":[8.32913,6.34808,8.16387]},"faces":{"north":{"uv":[9.6,0,10.6,1.6],"texture":"#0"},"east":{"uv":[6.4,8.8,8,10.4],"texture":"#0"},"south":{"uv":[9.6,1.6,10.6,3.2],"texture":"#0"},"west":{"uv":[8,8.8,9.6,10.4],"texture":"#0"},"up":{"uv":[10.6,4.8,9.6,3.2],"texture":"#0"},"down":{"uv":[10.6,4.8,9.6,6.4],"texture":"#0"}}},{"from":[7.67087,0.75294,7.83474],"to":[8.32913,4.0442,8.493],"rotation":{"angle":0,"axis":"x","origin":[8,3.05682,8.16387]},"faces":{"north":{"uv":[9.6,6.4,10.2,9],"texture":"#0"},"east":{"uv":[9.6,9.6,10.2,12.2],"texture":"#0"},"south":{"uv":[6.4,10.4,7,13],"texture":"#0"},"west":{"uv":[10.4,6.4,11,9],"texture":"#0"},"up":{"uv":[13.4,9.4,12.8,8.8],"texture":"#0"},"down":{"uv":[13.4,12.8,12.8,13.4],"texture":"#0"}}},{"from":[7.70379,3.61868,7.46569],"to":[8.29621,4.93518,8.12394],"rotation":{"angle":-45,"axis":"x","origin":[7.96709,4.27693,7.79481]},"faces":{"north":{"uv":[11.2,12.8,11.6,13.8],"texture":"#0"},"east":{"uv":[12.8,1.6,13.4,2.6],"texture":"#0"},"south":{"uv":[12,12.8,12.4,13.8],"texture":"#0"},"west":{"uv":[2.4,12.8,3,13.8],"texture":"#0"},"up":{"uv":[14,7,13.6,6.4],"texture":"#0"},"down":{"uv":[7.6,13.6,7.2,14.2],"texture":"#0"}}},{"from":[7.67087,4.50966,7.09663],"to":[8.32913,5.99072,7.75488],"rotation":{"angle":0,"axis":"x","origin":[8,5.49703,7.42576]},"faces":{"north":{"uv":[0,12.8,0.6,14],"texture":"#0"},"east":{"uv":[12.8,0,13.4,1.2],"texture":"#0"},"south":{"uv":[0.8,12.8,1.4,14],"texture":"#0"},"west":{"uv":[1.6,12.8,2.2,14],"texture":"#0"},"up":{"uv":[14.2,0.6,13.6,0],"texture":"#0"},"down":{"uv":[14.2,0.8,13.6,1.4],"texture":"#0"}}},{"from":[7.63796,-0.6035,7.00023],"to":[8.36204,0.71301,7.65848],"rotation":{"angle":45,"axis":"x","origin":[8.03291,-0.6035,7.32936]},"faces":{"north":{"uv":[3.2,12.8,3.8,13.8],"texture":"#0"},"east":{"uv":[12.8,3.2,13.4,4.2],"texture":"#0"},"south":{"uv":[4,12.8,4.6,13.8],"texture":"#0"},"west":{"uv":[4.8,12.8,5.4,13.8],"texture":"#0"},"up":{"uv":[14.2,2.2,13.6,1.6],"texture":"#0"},"down":{"uv":[14.2,2.4,13.6,3],"texture":"#0"}}},{"from":[7.70379,-1.02902,7.09663],"to":[8.29621,-0.37077,7.75488],"rotation":{"angle":0,"axis":"x","origin":[8.03291,-1.02902,7.42576]},"faces":{"north":{"uv":[13.6,7.2,14,7.8],"texture":"#0"},"east":{"uv":[13.6,3.2,14.2,3.8],"texture":"#0"},"south":{"uv":[8,13.6,8.4,14.2],"texture":"#0"},"west":{"uv":[13.6,4,14.2,4.6],"texture":"#0"},"up":{"uv":[14,8.6,13.6,8],"texture":"#0"},"down":{"uv":[9.2,13.6,8.8,14.2],"texture":"#0"}}},{"from":[7.67087,-1.68728,7.23296],"to":[8.32913,-0.6999,7.89121],"rotation":{"angle":-45,"axis":"x","origin":[8,-1.02902,7.56209]},"faces":{"north":{"uv":[12.8,4.8,13.4,5.6],"texture":"#0"},"east":{"uv":[5.6,12.8,6.2,13.6],"texture":"#0"},"south":{"uv":[12.8,5.6,13.4,6.4],"texture":"#0"},"west":{"uv":[12.8,6.4,13.4,7.2],"texture":"#0"},"up":{"uv":[14.2,5.4,13.6,4.8],"texture":"#0"},"down":{"uv":[6.2,13.6,5.6,14.2],"texture":"#0"}}},{"from":[7.34175,3.28721,7.83474],"to":[8.65825,4.60372,9.15125],"rotation":{"angle":-45,"axis":"x","origin":[8.32913,3.61634,8.16387]},"faces":{"north":{"uv":[7.2,10.4,8.2,11.4],"texture":"#0"},"east":{"uv":[10.4,9.6,11.4,10.6],"texture":"#0"},"south":{"uv":[11.2,0,12.2,1],"texture":"#0"},"west":{"uv":[11.2,1.6,12.2,2.6],"texture":"#0"},"up":{"uv":[12.2,4.2,11.2,3.2],"texture":"#0"},"down":{"uv":[12.2,4.8,11.2,5.8],"texture":"#0"}}},{"from":[7.7367,-1.95993,7.96639],"to":[8.2633,-1.30168,8.493],"rotation":{"angle":-22.5,"axis":"x","origin":[8,-1.95993,8.22969]},"faces":{"north":{"uv":[13.6,8.8,14,9.4],"texture":"#0"},"east":{"uv":[13.6,9.6,14,10.2],"texture":"#0"},"south":{"uv":[13.6,10.4,14,11],"texture":"#0"},"west":{"uv":[13.6,11.2,14,11.8],"texture":"#0"},"up":{"uv":[0.4,14.8,0,14.4],"texture":"#0"},"down":{"uv":[14.8,0,14.4,0.4],"texture":"#0"}}},{"from":[7.80252,-2.52731,8.02652],"to":[8.19748,-1.86906,8.42147],"rotation":{"angle":0,"axis":"x","origin":[8,-2.19818,8.224]},"faces":{"north":{"uv":[13.6,12,14,12.6],"texture":"#0"},"east":{"uv":[12.8,13.6,13.2,14.2],"texture":"#0"},"south":{"uv":[13.6,12.8,14,13.4],"texture":"#0"},"west":{"uv":[13.6,13.6,14,14.2],"texture":"#0"},"up":{"uv":[1.2,14.8,0.8,14.4],"texture":"#0"},"down":{"uv":[14.8,0.8,14.4,1.2],"texture":"#0"}}},{"from":[7.65379,3.87095,6.84489],"to":[8.34621,4.5292,7.50314],"rotation":{"angle":-22.5,"axis":"x","origin":[8.05,3.80096,6.42487]},"faces":{"north":{"uv":[8.8,14.2,9.2,13.6],"texture":"#0"},"east":{"uv":[13.6,3.2,14.2,3.8],"rotation":270,"texture":"#0"},"south":{"uv":[13.6,8,14,8.6],"rotation":180,"texture":"#0"},"west":{"uv":[13.6,4,14.2,4.6],"rotation":90,"texture":"#0"},"up":{"uv":[14,7.8,13.6,7.2],"texture":"#0"},"down":{"uv":[8.4,14.2,8,13.6],"rotation":180,"texture":"#0"}}},{"from":[7.67087,3.62552,6.20693],"to":[8.32913,4.6129,6.86518],"rotation":{"angle":22.5,"axis":"x","origin":[8,3.80096,6.42487]},"faces":{"north":{"uv":[12.8,4.8,13.4,5.6],"texture":"#0"},"east":{"uv":[5.6,12.8,6.2,13.6],"texture":"#0"},"south":{"uv":[12.8,5.6,13.4,6.4],"texture":"#0"},"west":{"uv":[12.8,6.4,13.4,7.2],"texture":"#0"},"up":{"uv":[14.2,5.4,13.6,4.8],"texture":"#0"},"down":{"uv":[6.2,13.6,5.6,14.2],"texture":"#0"}}},{"from":[7.7367,3.35916,5.79796],"to":[8.2633,3.88577,6.45621],"rotation":{"angle":-45,"axis":"x","origin":[8,3.80096,6.42487]},"faces":{"north":{"uv":[14.4,0.4,14.8,0],"texture":"#0"},"east":{"uv":[13.6,9.6,14,10.2],"rotation":270,"texture":"#0"},"south":{"uv":[0,14.4,0.4,14.8],"rotation":180,"texture":"#0"},"west":{"uv":[13.6,11.2,14,11.8],"rotation":90,"texture":"#0"},"up":{"uv":[14,9.4,13.6,8.8],"texture":"#0"},"down":{"uv":[14,11,13.6,10.4],"rotation":180,"texture":"#0"}}},{"from":[7.80252,3.20436,5.3466],"to":[8.19748,3.59931,6.00486],"rotation":{"angle":-22.5,"axis":"x","origin":[8,3.80096,6.42487]},"faces":{"north":{"uv":[14.4,1.2,14.8,0.8],"texture":"#0"},"east":{"uv":[12.8,13.6,13.2,14.2],"rotation":270,"texture":"#0"},"south":{"uv":[0.8,14.4,1.2,14.8],"rotation":180,"texture":"#0"},"west":{"uv":[13.6,13.6,14,14.2],"rotation":90,"texture":"#0"},"up":{"uv":[14,12.6,13.6,12],"texture":"#0"},"down":{"uv":[14,13.4,13.6,12.8],"rotation":180,"texture":"#0"}}},{"from":[7.34175,-0.49774,7.83474],"to":[8.65825,0.81876,9.15125],"rotation":{"angle":-45,"axis":"x","origin":[8.32913,-0.16862,8.16387]},"faces":{"north":{"uv":[11.2,6.4,12.2,7.4],"texture":"#0"},"east":{"uv":[11.2,8,12.2,9],"texture":"#0"},"south":{"uv":[10.4,11.2,11.4,12.2],"texture":"#0"},"west":{"uv":[7.2,12,8.2,13],"texture":"#0"},"up":{"uv":[13,10.6,12,9.6],"texture":"#0"},"down":{"uv":[13,11.2,12,12.2],"texture":"#0"}}},{"from":[8,6.01896,6.51824],"to":[8,21.78944,9.8095],"rotation":{"angle":0,"axis":"x","origin":[7.34175,7.66459,8.16387]},"faces":{"north":{"uv":[0,0,0,12.6],"texture":"#0"},"east":{"uv":[0,0,2.6,12.6],"texture":"#0"},"south":{"uv":[0,0,0,12.6],"texture":"#0"},"west":{"uv":[3.2,0,5.8,12.6],"texture":"#0"},"up":{"uv":[0,2.6,0,0],"texture":"#0"},"down":{"uv":[0,0,0,2.6],"texture":"#0"}}},{"from":[7.95,6.01896,6.51824],"to":[7.95,21.78944,9.8095],"rotation":{"angle":0,"axis":"x","origin":[7.29175,7.66459,8.16387]},"faces":{"north":{"uv":[0,0,0,12.6],"texture":"#2"},"east":{"uv":[6.425,0,3.2625,15.75],"texture":"#2"},"south":{"uv":[0,0,0,12.6],"texture":"#2"},"west":{"uv":[3.2625,0,6.425,15.75],"texture":"#2"},"up":{"uv":[0,2.6,0,0],"texture":"#2"},"down":{"uv":[0,0,0,2.6],"texture":"#2"}}},{"from":[8.05,6.01896,6.51824],"to":[8.05,21.78944,9.8095],"rotation":{"angle":0,"axis":"x","origin":[7.29175,7.66459,8.16387]},"faces":{"north":{"uv":[0,0,0,12.6],"texture":"#2"},"east":{"uv":[6.425,0,3.2625,15.75],"texture":"#2"},"south":{"uv":[0,0,0,12.6],"texture":"#2"},"west":{"uv":[3.2625,0,6.425,15.75],"texture":"#2"},"up":{"uv":[0,2.6,0,0],"texture":"#2"},"down":{"uv":[0,0,0,2.6],"texture":"#2"}}},{"from":[7.9,6.01896,6.51824],"to":[7.9,16.78944,9.8095],"rotation":{"angle":0,"axis":"x","origin":[7.34175,7.66459,8.16387]},"faces":{"north":{"uv":[0,0,0,12.6],"texture":"#0"},"east":{"uv":[9.2,0,6.6,8.6],"texture":"#0"},"south":{"uv":[0,0,0,12.6],"texture":"#0"},"west":{"uv":[6.6,0,9.2,8.6],"texture":"#0"},"up":{"uv":[0,2.6,0,0],"texture":"#0"},"down":{"uv":[0,0,0,2.6],"texture":"#0"}}},{"from":[8,1.16568,5.5699],"to":[8,3.16568,7.5699],"rotation":{"angle":0,"axis":"y","origin":[8,2.16568,6.5699]},"faces":{"north":{"uv":[12.8,0,0,12.8],"texture":"#3"},"east":{"uv":[0,0,12.8,12.8],"texture":"#3"},"south":{"uv":[12.8,0,0,12.8],"texture":"#3"},"west":{"uv":[12.8,0,0,12.8],"texture":"#3"},"up":{"uv":[0,0,12.8,12.8],"texture":"#3"},"down":{"uv":[0,12.8,12.8,0],"texture":"#3"}}},{"from":[8.1,6.01896,6.51824],"to":[8.1,16.78944,9.8095],"rotation":{"angle":0,"axis":"x","origin":[8.65825,7.66459,8.16387]},"faces":{"north":{"uv":[0,0,0,12.6],"texture":"#0"},"east":{"uv":[9.2,0,6.6,8.6],"texture":"#0"},"south":{"uv":[0,0,0,12.6],"texture":"#0"},"west":{"uv":[6.6,0,9.2,8.6],"texture":"#0"},"up":{"uv":[0,2.6,0,0],"texture":"#0"},"down":{"uv":[0,0,0,2.6],"texture":"#0"}}}],"gui_light":"front","display":{"thirdperson_righthand":{"translation":[0,5.5,1.75],"scale":[1.25,1.25,1.25]},"thirdperson_lefthand":{"translation":[0,5.5,1.75],"scale":[1.25,1.25,1.25]},"firstperson_righthand":{"rotation":[-18.38,-7,-1.49],"translation":[2.75,2.75,0],"scale":[1.02539,1.02539,1.02539]},"firstperson_lefthand":{"rotation":[-18.38,-7,-1.49],"translation":[2.75,2.75,0],"scale":[1.02539,1.02539,1.02539]},"ground":{"rotation":[-2,0,-74],"translation":[-1.5,2,0],"scale":[1.19375,1.19375,1.19375]},"gui":{"rotation":[-90,45,90],"translation":[0.5,-1.5,0],"scale":[0.7625,0.7625,0.7625]},"head":{"scale":[0,0,0]},"fixed":{"rotation":[-90,90,90],"translation":[0.75,-3.25,-2],"scale":[2.25,2.25,2.25]}},"groups":[{"name":"sword","origin":[8,12.53443,8.54777],"color":0,"boneType":"","children":[{"name":"clouds","origin":[8,7.00092,7.81553],"color":0,"boneType":"","children":[0,1,2,3]},4,5,6,7,8,9,10,11,12,13,14,15,16,17,18,19,20,21,22,23,24]}]}