{
	"credit": "Made with Blockbench",
	"textures": {
		"2": "item/helmets/sjz/yfhat2",
		"3": "item/helmets/sjz/yfhat5",
		"particle": "item/helmets/sjz/yfhat2"
	},
	"elements": [
		{
			"from": [2, 3, 2],
			"to": [12, 8, 12],
			"rotation": {"angle": 0, "axis": "y", "origin": [2, 4, 2]},
			"faces": {
				"north": {"uv": [0, 0, 10, 4], "texture": "#2"},
				"east": {"uv": [0, 0, 10, 4], "texture": "#3"},
				"south": {"uv": [0, 0, 10, 4], "texture": "#2"},
				"west": {"uv": [0, 0, 10, 4], "texture": "#2"},
				"up": {"uv": [0, 0, 10, 10], "texture": "#2"},
				"down": {"uv": [0, 0, 10, 10], "texture": "#2"}
			}
		},
		{
			"from": [12, 3, 3],
			"to": [13, 7, 11],
			"rotation": {"angle": 0, "axis": "y", "origin": [12, 4, 3]},
			"faces": {
				"north": {"uv": [2, 6, 3, 9], "texture": "#3"},
				"east": {"uv": [0, 0, 8, 3], "texture": "#3"},
				"south": {"uv": [3, 6, 4, 9], "texture": "#3"},
				"west": {"uv": [0, 3, 8, 6], "texture": "#3"},
				"up": {"uv": [1, 14, 0, 6], "texture": "#3"},
				"down": {"uv": [2, 6, 1, 14], "texture": "#3"}
			}
		},
		{
			"from": [13, 3, 3],
			"to": [16, 5, 11],
			"rotation": {"angle": 0, "axis": "y", "origin": [13, 4, 3]},
			"faces": {
				"north": {"uv": [6, 2, 9, 3], "texture": "#2"},
				"east": {"uv": [6, 0, 14, 1], "texture": "#2"},
				"south": {"uv": [6, 3, 9, 4], "texture": "#2"},
				"west": {"uv": [6, 1, 14, 2], "texture": "#2"},
				"up": {"uv": [3, 8, 0, 0], "texture": "#2"},
				"down": {"uv": [6, 0, 3, 8], "texture": "#2"}
			}
		}
	],
	"display": {
		"thirdperson_righthand": {
			"rotation": [-38, 90, 90],
			"translation": [0.5, -1.25, 0],
			"scale": [0.45, 0.45, 0.45]
		},
		"thirdperson_lefthand": {
			"rotation": [0, -90, -90],
			"translation": [-0.5, -1.5, -0.25],
			"scale": [0.45, 0.45, 0.45]
		},
		"firstperson_righthand": {
			"rotation": [0, 90, 95],
			"translation": [1.75, -0.25, 0],
			"scale": [0.45, 0.45, 0.45]
		},
		"firstperson_lefthand": {
			"rotation": [0, -90, -95],
			"translation": [1.75, -0.25, 0],
			"scale": [0.45, 0.45, 0.45]
		},
		"ground": {
			"rotation": [15, 30, 1],
			"translation": [0, 1.75, 0]
		},
		"gui": {
			"rotation": [-17, -66, -35],
			"translation": [0, 1.75, 0]
		},
		"head": {
			"rotation": [0, 90, 0],
			"translation": [1, 11.5, -0.75]
		},
		"fixed": {
			"rotation": [-27, 134, -7],
			"translation": [0, 1.75, -7.5],
			"scale": [1.01, 1, 1]
		}
	}
}