{
	"credit": "Made with Blockbench",
	"texture_size": [32, 32],
	"textures": {
		"0": "item/painting/painting_highlights",
		"particle": "item/painting/painting_highlights"
	},
	"elements": [
		{
			"name": "painting_plane",
			"from": [0, 0, 0],
			"to": [16, 12, 0.1],
			"faces": {
				"north": {"uv": [0, 0, 16, 16], "texture": "#0"},
				"east": {"uv": [8, 1, 8.5, 7], "texture": "#missing"},
				"south": {"uv": [0, 0, 16, 16], "texture": "#0"},
				"west": {"uv": [8, 7, 8.5, 13], "texture": "#missing"},
				"up": {"uv": [16, 0.5, 8, 0], "texture": "#missing"},
				"down": {"uv": [16, 0.5, 8, 1], "texture": "#missing"}
			}
		}
	],
	"display": {
		"thirdperson_righthand": {
			"rotation": [14, 0, -17],
			"translation": [0, 2, 9.5]
		},
		"thirdperson_lefthand": {
			"rotation": [14, 0, -17],
			"translation": [0, 2, 9.5]
		},
		"ground": {
			"rotation": [56, 0, 0],
			"translation": [0, -4.25, 5.25]
		},
		"gui": {
			"rotation": [-2, 180, 15],
			"translation": [0, 2.25, 0]
		},
		"head": {
			"translation": [0.25, 15, 0]
		},
		"fixed": {
			"translation": [0, 0, 8.5]
		}
	}
}