{
	"credit": "Made by PolygonMC",
	"texture_size": [32, 32],
	"textures": {
		"2": "item/panda/staff"
	},
	"elements": [
		{
			"from": [7.3408, 12.57487, 6.67448],
			"to": [8.6592, 13.85487, 7.99288],
			"rotation": {"angle": 0, "axis": "y", "origin": [7.3408, 8.33444, 6.83592]},
			"faces": {
				"north": {"uv": [12, 9.5, 12.75, 10.25], "texture": "#2"},
				"east": {"uv": [12, 10.5, 12.75, 11.25], "texture": "#2"},
				"south": {"uv": [12, 11.5, 12.75, 12.25], "texture": "#2"},
				"west": {"uv": [0, 12.5, 0.75, 13.25], "texture": "#2"},
				"up": {"uv": [1.75, 13.25, 1, 12.5], "texture": "#2"},
				"down": {"uv": [4.75, 12.5, 4, 13.25], "texture": "#2"}
			}
		},
		{
			"from": [7.3408, 18.97487, 6.67448],
			"to": [8.6592, 20.25487, 7.99288],
			"rotation": {"angle": 0, "axis": "y", "origin": [7.3408, 8.33444, 6.83592]},
			"faces": {
				"north": {"uv": [4, 13.5, 4.75, 14.25], "texture": "#2"},
				"east": {"uv": [5, 13.5, 5.75, 14.25], "texture": "#2"},
				"south": {"uv": [7, 13.5, 7.75, 14.25], "texture": "#2"},
				"west": {"uv": [13.5, 7, 14.25, 7.75], "texture": "#2"},
				"up": {"uv": [8.75, 14.25, 8, 13.5], "texture": "#2"},
				"down": {"uv": [14.25, 8, 13.5, 8.75], "texture": "#2"}
			}
		},
		{
			"from": [7.2128, 13.85487, 6.54648],
			"to": [8.7872, 18.97487, 8.12088],
			"rotation": {"angle": 0, "axis": "y", "origin": [7.3408, 8.33444, 6.83592]},
			"faces": {
				"north": {"uv": [5.75, 7.5, 5, 10], "texture": "#2"},
				"east": {"uv": [5, 7.5, 5.75, 10], "texture": "#2"},
				"south": {"uv": [5.75, 7.5, 5, 10], "texture": "#2"},
				"west": {"uv": [5, 7.5, 5.75, 10], "texture": "#2"},
				"up": {"uv": [11.25, 14.25, 10.5, 13.5], "texture": "#2"},
				"down": {"uv": [12.25, 13.5, 11.5, 14.25], "texture": "#2"}
			}
		},
		{
			"from": [7.36, 20.62543, 2.93532],
			"to": [8.64, 23.18543, 4.21532],
			"rotation": {"angle": 22.5, "axis": "x", "origin": [7.36, 13.45444, 6.81032]},
			"faces": {
				"north": {"uv": [10, 8.5, 10.75, 9.75], "texture": "#2"},
				"east": {"uv": [10, 10, 10.75, 11.25], "texture": "#2"},
				"south": {"uv": [2, 10.5, 2.75, 11.75], "texture": "#2"},
				"west": {"uv": [7, 10.5, 7.75, 11.75], "texture": "#2"},
				"up": {"uv": [12.25, 13.25, 11.5, 12.5], "texture": "#2"},
				"down": {"uv": [13.25, 12.5, 12.5, 13.25], "texture": "#2"}
			}
		},
		{
			"from": [7.36128, 23.2876, 7.21928],
			"to": [8.63872, 25.8476, 8.49672],
			"rotation": {"angle": 45, "axis": "x", "origin": [8.00128, 23.9276, 7.85928]},
			"faces": {
				"north": {"uv": [0, 11, 0.75, 12.25], "texture": "#2"},
				"east": {"uv": [11, 0, 11.75, 1.25], "texture": "#2"},
				"south": {"uv": [1, 11, 1.75, 12.25], "texture": "#2"},
				"west": {"uv": [11, 1.5, 11.75, 2.75], "texture": "#2"},
				"up": {"uv": [13.75, 2.75, 13, 2], "texture": "#2"},
				"down": {"uv": [3.75, 13, 3, 13.75], "texture": "#2"}
			}
		},
		{
			"from": [7.36256, 24.98018, 8.92802],
			"to": [8.63744, 27.54018, 10.2029],
			"rotation": {"angle": 22.5, "axis": "x", "origin": [8.00256, 26.26018, 9.56802]},
			"faces": {
				"north": {"uv": [11, 3, 11.75, 4.25], "texture": "#2"},
				"east": {"uv": [4, 11, 4.75, 12.25], "texture": "#2"},
				"south": {"uv": [11, 4.5, 11.75, 5.75], "texture": "#2"},
				"west": {"uv": [11, 6, 11.75, 7.25], "texture": "#2"},
				"up": {"uv": [13.75, 3.75, 13, 3], "texture": "#2"},
				"down": {"uv": [13.75, 4, 13, 4.75], "texture": "#2"}
			}
		},
		{
			"from": [7.3664, 6.85957, 5.83065],
			"to": [8.6336, 10.69957, 7.09785],
			"rotation": {"angle": -22.5, "axis": "x", "origin": [7.3664, 10.69957, 5.83065]},
			"faces": {
				"north": {"uv": [8.5, 1.5, 9.25, 3.5], "texture": "#2"},
				"east": {"uv": [8.5, 3.5, 9.25, 5.5], "texture": "#2"},
				"south": {"uv": [8.5, 5.5, 9.25, 7.5], "texture": "#2"},
				"west": {"uv": [7, 8.5, 7.75, 10.5], "texture": "#2"},
				"up": {"uv": [13.25, 9.25, 12.5, 8.5], "texture": "#2"},
				"down": {"uv": [11.25, 12.5, 10.5, 13.25], "texture": "#2"}
			}
		},
		{
			"from": [7.424, 3.80171, 7.30762],
			"to": [8.576, 7.64171, 8.45962],
			"rotation": {"angle": 0, "axis": "x", "origin": [7.36, 5.08171, 7.26672]},
			"faces": {
				"north": {"uv": [1.5, 6, 2, 8], "texture": "#2"},
				"east": {"uv": [3.5, 9.5, 4, 11.5], "texture": "#2"},
				"south": {"uv": [9.5, 3.5, 10, 5.5], "texture": "#2"},
				"west": {"uv": [9.5, 5.5, 10, 7.5], "texture": "#2"},
				"up": {"uv": [8.5, 9, 8, 8.5], "texture": "#2"},
				"down": {"uv": [10.5, 1, 10, 1.5], "texture": "#2"}
			}
		},
		{
			"from": [7.552, -0.03829, 7.45872],
			"to": [8.448, 3.80171, 8.35472],
			"rotation": {"angle": 0, "axis": "x", "origin": [7.36, 5.08171, 7.26672]},
			"faces": {
				"north": {"uv": [6, 9.5, 6.5, 11.5], "texture": "#2"},
				"east": {"uv": [6.5, 9.5, 7, 11.5], "texture": "#2"},
				"south": {"uv": [9.5, 7.5, 10, 9.5], "texture": "#2"},
				"west": {"uv": [9.5, 9.5, 10, 11.5], "texture": "#2"},
				"up": {"uv": [11, 1.5, 10.5, 1], "texture": "#2"},
				"down": {"uv": [9.5, 11, 9, 11.5], "texture": "#2"}
			}
		},
		{
			"from": [7.328, 17.42687, 11.17515],
			"to": [8.672, 21.26687, 12.45515],
			"rotation": {"angle": -45, "axis": "x", "origin": [7.328, 13.45444, 6.81032]},
			"faces": {
				"north": {"uv": [6, 7.5, 6.75, 9.5], "texture": "#2"},
				"east": {"uv": [7.5, 6.5, 8.25, 8.5], "texture": "#2"},
				"south": {"uv": [0, 8, 0.75, 10], "texture": "#2"},
				"west": {"uv": [1, 8, 1.75, 10], "texture": "#2"},
				"up": {"uv": [13.25, 8.25, 12.5, 7.5], "texture": "#2"},
				"down": {"uv": [9.25, 12.5, 8.5, 13.25], "texture": "#2"}
			}
		},
		{
			"from": [7.36, 10.14463, 5.00013],
			"to": [8.64, 12.70463, 6.28013],
			"rotation": {"angle": 22.5, "axis": "x", "origin": [7.36, 8.33444, 6.81032]},
			"faces": {
				"north": {"uv": [5, 10, 5.75, 11.25], "texture": "#2"},
				"east": {"uv": [10, 5.5, 10.75, 6.75], "texture": "#2"},
				"south": {"uv": [10, 7, 10.75, 8.25], "texture": "#2"},
				"west": {"uv": [8, 10, 8.75, 11.25], "texture": "#2"},
				"up": {"uv": [5.75, 13.25, 5, 12.5], "texture": "#2"},
				"down": {"uv": [8.25, 12.5, 7.5, 13.25], "texture": "#2"}
			}
		},
		{
			"from": [7.36, 21.24904, 3.05995],
			"to": [8.64, 22.52904, 5.61995],
			"rotation": {"angle": -22.5, "axis": "x", "origin": [8, 21.88904, 4.33995]},
			"faces": {
				"north": {"uv": [12.5, 13.5, 13.25, 14.25], "texture": "#2"},
				"east": {"uv": [12, 0, 13.25, 0.75], "texture": "#2"},
				"south": {"uv": [13.5, 12.5, 14.25, 13.25], "texture": "#2"},
				"west": {"uv": [12, 1, 13.25, 1.75], "texture": "#2"},
				"up": {"uv": [2.75, 13.25, 2, 12], "texture": "#2"},
				"down": {"uv": [12.75, 2, 12, 3.25], "texture": "#2"}
			}
		},
		{
			"from": [6.525, 26.05, 4],
			"to": [10.525, 30.05, 8],
			"rotation": {"angle": -22.5, "axis": "y", "origin": [6.75, 29, 5]},
			"faces": {
				"north": {"uv": [0, 0, 2, 2], "texture": "#2"},
				"east": {"uv": [0, 2, 2, 4], "texture": "#2"},
				"south": {"uv": [2, 0, 4, 2], "texture": "#2"},
				"west": {"uv": [2, 2, 4, 4], "texture": "#2"},
				"up": {"uv": [2, 6, 0, 4], "texture": "#2"},
				"down": {"uv": [4, 0, 6, 2], "texture": "#2"}
			}
		},
		{
			"from": [5.525, 26.05, 5],
			"to": [6.525, 27.55, 7],
			"rotation": {"angle": -22.5, "axis": "y", "origin": [6.75, 29, 5]},
			"faces": {
				"north": {"uv": [3, 10.5, 3.5, 11.25], "texture": "#2"},
				"south": {"uv": [10.5, 11.5, 11, 12.25], "texture": "#2"},
				"west": {"uv": [12, 3.5, 13, 4.25], "texture": "#2"},
				"up": {"uv": [7.5, 8.5, 7, 7.5], "texture": "#2"},
				"down": {"uv": [9.5, 10, 9, 11], "texture": "#2"}
			}
		},
		{
			"from": [8.275, 29.55, 3],
			"to": [8.775, 31.05, 5],
			"rotation": {"angle": -22.5, "axis": "y", "origin": [6.75, 29, 5]},
			"faces": {
				"north": {"uv": [14, 3, 14.25, 3.75], "texture": "#2"},
				"east": {"uv": [12, 4.5, 13, 5.25], "texture": "#2"},
				"south": {"uv": [3.5, 14, 3.75, 14.75], "texture": "#2"},
				"west": {"uv": [12, 5.5, 13, 6.25], "texture": "#2"},
				"up": {"uv": [9.25, 14.5, 9, 13.5], "texture": "#2"},
				"down": {"uv": [13.75, 13.5, 13.5, 14.5], "texture": "#2"}
			}
		},
		{
			"from": [8.275, 29.55, 7],
			"to": [8.775, 31.05, 9],
			"rotation": {"angle": -22.5, "axis": "y", "origin": [6.75, 29, 5]},
			"faces": {
				"north": {"uv": [14, 4, 14.25, 4.75], "texture": "#2"},
				"east": {"uv": [6.5, 12, 7.5, 12.75], "texture": "#2"},
				"south": {"uv": [14, 5, 14.25, 5.75], "texture": "#2"},
				"west": {"uv": [12, 6.5, 13, 7.25], "texture": "#2"},
				"up": {"uv": [14.25, 3, 14, 2], "texture": "#2"},
				"down": {"uv": [3.25, 14, 3, 15], "texture": "#2"}
			}
		},
		{
			"from": [7, 10.32024, 3.67392],
			"to": [9, 12.32024, 5.67392],
			"rotation": {"angle": 22.5, "axis": "x", "origin": [8, 12.48274, 4.67392]},
			"faces": {
				"north": {"uv": [0, 10, 1, 11], "texture": "#2"},
				"east": {"uv": [10, 0, 11, 1], "texture": "#2"},
				"south": {"uv": [1, 10, 2, 11], "texture": "#2"},
				"west": {"uv": [10, 3.5, 11, 4.5], "texture": "#2"},
				"up": {"uv": [5, 11, 4, 10], "texture": "#2"},
				"down": {"uv": [11, 4.5, 10, 5.5], "texture": "#2"}
			}
		},
		{
			"from": [7.3, 12.32024, 3.97392],
			"to": [8.7, 12.82024, 5.37392],
			"rotation": {"angle": 22.5, "axis": "x", "origin": [8, 12.48274, 4.67392]},
			"faces": {
				"north": {"uv": [13.5, 9, 14.25, 9.25], "texture": "#2"},
				"east": {"uv": [6, 14, 6.75, 14.25], "texture": "#2"},
				"south": {"uv": [14, 6, 14.75, 6.25], "texture": "#2"},
				"west": {"uv": [14, 6.5, 14.75, 6.75], "texture": "#2"}
			}
		},
		{
			"from": [7.2, 12.82024, 3.87392],
			"to": [8.8, 14.47024, 5.47392],
			"rotation": {"angle": 22.5, "axis": "x", "origin": [8, 12.48274, 4.67392]},
			"faces": {
				"north": {"uv": [13, 5, 13.75, 5.75], "texture": "#2"},
				"east": {"uv": [6, 13, 6.75, 13.75], "texture": "#2"},
				"south": {"uv": [13, 6, 13.75, 6.75], "texture": "#2"},
				"west": {"uv": [9.5, 13, 10.25, 13.75], "texture": "#2"},
				"up": {"uv": [13.75, 10.25, 13, 9.5], "texture": "#2"},
				"down": {"uv": [13.75, 10.5, 13, 11.25], "texture": "#2"}
			}
		},
		{
			"from": [7.25, 12.825, 5.15],
			"to": [8.75, 12.855, 8.15],
			"rotation": {"angle": -22.5, "axis": "x", "origin": [8, 12.825, 6.65]},
			"faces": {
				"up": {"uv": [9.25, 9, 8.5, 7.5], "texture": "#2"},
				"down": {"uv": [9.75, 0, 9, 1.5], "texture": "#2"}
			}
		},
		{
			"from": [6.5, 23, 4.1],
			"to": [9.5, 27, 7.1],
			"rotation": {"angle": 22.5, "axis": "x", "origin": [7.25, 24.3372, 4.475]},
			"faces": {
				"north": {"uv": [0, 6, 1.5, 8], "texture": "#2"},
				"east": {"uv": [6, 0, 7.5, 2], "texture": "#2"},
				"south": {"uv": [6, 2, 7.5, 4], "texture": "#2"},
				"west": {"uv": [6, 4, 7.5, 6], "texture": "#2"},
				"up": {"uv": [7.5, 7.5, 6, 6], "texture": "#2"},
				"down": {"uv": [9, 0, 7.5, 1.5], "texture": "#2"}
			}
		},
		{
			"from": [5.75, 24.35395, 2.82196],
			"to": [7.25, 25.85395, 5.32196],
			"rotation": {"angle": -45, "axis": "x", "origin": [6.5, 26.30395, 4.07196]},
			"faces": {
				"north": {"uv": [13, 11.5, 13.75, 12.25], "texture": "#2"},
				"east": {"uv": [11, 7.5, 12.25, 8.25], "texture": "#2"},
				"south": {"uv": [0, 13.5, 0.75, 14.25], "texture": "#2"},
				"west": {"uv": [11, 8.5, 12.25, 9.25], "texture": "#2"},
				"up": {"uv": [11.75, 10.75, 11, 9.5], "texture": "#2"},
				"down": {"uv": [11.75, 11, 11, 12.25], "texture": "#2"}
			}
		},
		{
			"from": [5.75, 21.36418, 2.71035],
			"to": [7.25, 23.86418, 4.21035],
			"rotation": {"angle": 22.5, "axis": "x", "origin": [8, 22.61418, 4.21035]},
			"faces": {
				"north": {"uv": [3.75, 12.75, 3, 11.5], "rotation": 180, "texture": "#2"},
				"east": {"uv": [5, 11.5, 6.25, 12.25], "rotation": 90, "texture": "#2"},
				"south": {"uv": [10.25, 11.5, 9.5, 12.75], "texture": "#2"},
				"west": {"uv": [8, 11.5, 9.25, 12.25], "rotation": 270, "texture": "#2"},
				"up": {"uv": [1, 13.5, 1.75, 14.25], "texture": "#2"},
				"down": {"uv": [13.5, 0, 14.25, 0.75], "rotation": 180, "texture": "#2"}
			}
		},
		{
			"from": [8.75, 24.95542, 2.67049],
			"to": [10.25, 26.45542, 5.17049],
			"rotation": {"angle": 45, "axis": "x", "origin": [9.5, 25.45542, 4.92049]},
			"faces": {
				"north": {"uv": [13.75, 11.5, 13, 12.25], "texture": "#2"},
				"east": {"uv": [12.25, 8.5, 11, 9.25], "texture": "#2"},
				"south": {"uv": [0.75, 13.5, 0, 14.25], "texture": "#2"},
				"west": {"uv": [12.25, 7.5, 11, 8.25], "texture": "#2"},
				"up": {"uv": [11, 10.75, 11.75, 9.5], "texture": "#2"},
				"down": {"uv": [11, 11, 11.75, 12.25], "texture": "#2"}
			}
		},
		{
			"from": [8.75, 21.36418, 2.71035],
			"to": [10.25, 23.86418, 4.21035],
			"rotation": {"angle": 22.5, "axis": "x", "origin": [8, 22.61418, 4.21035]},
			"faces": {
				"north": {"uv": [3, 12.75, 3.75, 11.5], "rotation": 180, "texture": "#2"},
				"east": {"uv": [8, 12.25, 9.25, 11.5], "rotation": 270, "texture": "#2"},
				"south": {"uv": [9.5, 11.5, 10.25, 12.75], "texture": "#2"},
				"west": {"uv": [5, 12.25, 6.25, 11.5], "rotation": 90, "texture": "#2"},
				"up": {"uv": [1.75, 13.5, 1, 14.25], "texture": "#2"},
				"down": {"uv": [14.25, 0, 13.5, 0.75], "rotation": 180, "texture": "#2"}
			}
		},
		{
			"from": [9.25, 21.5, 1.875],
			"to": [10.75, 32, 3.375],
			"rotation": {"angle": 22.5, "axis": "z", "origin": [10, 26.75, 2.625]},
			"faces": {
				"north": {"uv": [2, 4, 2.75, 9.25], "texture": "#2"},
				"east": {"uv": [4, 2, 4.75, 7.25], "texture": "#2"},
				"south": {"uv": [3, 4, 3.75, 9.25], "texture": "#2"},
				"west": {"uv": [5, 2, 5.75, 7.25], "texture": "#2"},
				"up": {"uv": [14.25, 1.75, 13.5, 1], "texture": "#2"},
				"down": {"uv": [2.75, 13.5, 2, 14.25], "texture": "#2"}
			}
		},
		{
			"from": [6.675, 25.24, 2.41],
			"to": [9.675, 26.74, 2.44],
			"rotation": {"angle": 45, "axis": "z", "origin": [8.175, 25.99, 2.425]},
			"faces": {
				"north": {"uv": [9.5, 9.75, 8, 9], "rotation": 180, "texture": "#2"},
				"south": {"uv": [11, 1.5, 9.5, 2.25], "texture": "#2"}
			}
		},
		{
			"from": [9.225, 29.54, 2.71],
			"to": [12.225, 31.04, 2.74],
			"rotation": {"angle": 45, "axis": "z", "origin": [10.725, 30.29, 2.725]},
			"faces": {
				"north": {"uv": [2, 9.5, 3.5, 10.25], "texture": "#2"},
				"south": {"uv": [9.5, 2.5, 11, 3.25], "texture": "#2"}
			}
		}
	],
	"gui_light": "front",
	"display": {
		"thirdperson_righthand": {
			"translation": [0, -10.5, 1.75]
		},
		"thirdperson_lefthand": {
			"translation": [0, -10.5, 1.75]
		},
		"firstperson_righthand": {
			"rotation": [-10, 0, 0],
			"translation": [-2, -6.5, 4.5]
		},
		"firstperson_lefthand": {
			"rotation": [-10, 0, 0],
			"translation": [-2, -6.5, 4.5]
		},
		"ground": {
			"rotation": [-45, 0, 0],
			"translation": [0, 10.5, 0]
		},
		"gui": {
			"rotation": [-90, 45, 90],
			"translation": [5.25, -4, 0],
			"scale": [0.72852, 0.72852, 0.72852]
		},
		"head": {
			"rotation": [90, -90, 90]
		},
		"fixed": {
			"rotation": [90, -90, 90],
			"translation": [-2.75, -13.25, -1.25],
			"scale": [2, 2, 2]
		}
	}
}