{
	"credit": "Made with Blockbench",
	"textures": {
		"0": "item/dolls/sjz/yfskin",
		"1": "item/dolls/sjz/yf_body",
		"2": "item/dolls/sjz/yf_leg",
		"particle": "item/dolls/sjz/yfskin"
	},
	"elements": [
		{
			"name": "head",
			"from": [6, 9, 5],
			"to": [11, 14, 10],
			"rotation": {"angle": 0, "axis": "y", "origin": [6, 9, 5]},
			"faces": {
				"north": {"uv": [5.75, 2, 8, 4], "texture": "#0"},
				"east": {"uv": [5, 2, 7, 4], "texture": "#0"},
				"south": {"uv": [2, 2, 4, 3.75], "texture": "#0"},
				"west": {"uv": [0, 2, 2, 4], "texture": "#0"},
				"up": {"uv": [2, 0, 4, 2], "texture": "#0"},
				"down": {"uv": [1, 4, 3, 6], "texture": "#0"}
			}
		},
		{
			"from": [6.5, 5, 6],
			"to": [10.5, 9, 9],
			"rotation": {"angle": 0, "axis": "y", "origin": [6, 5, 6]},
			"faces": {
				"north": {"uv": [0, 0, 4, 4], "texture": "#1"},
				"east": {"uv": [4, 0, 7, 4], "texture": "#1"},
				"south": {"uv": [0, 4, 4, 8], "texture": "#1"},
				"west": {"uv": [4, 4, 7, 8], "texture": "#1"},
				"up": {"uv": [11, 3, 7, 0], "texture": "#1"},
				"down": {"uv": [11, 3, 7, 6], "texture": "#1"}
			}
		},
		{
			"from": [6, 8.7, 6.5],
			"to": [8, 11.2, 8.5],
			"rotation": {"angle": -45, "axis": "z", "origin": [8, 5, 8]},
			"faces": {
				"north": {"uv": [7, 6, 9, 8.5], "texture": "#1"},
				"east": {"uv": [0, 8, 2, 10.5], "texture": "#1"},
				"south": {"uv": [2, 8, 4, 10.5], "texture": "#1"},
				"west": {"uv": [4, 8, 6, 10.5], "texture": "#1"},
				"up": {"uv": [2, 13, 0, 11], "texture": "#1"},
				"down": {"uv": [13, 0, 11, 2], "texture": "#1"}
			}
		},
		{
			"from": [6.5, 8.8, 6.5],
			"to": [8.5, 11.3, 8.5],
			"rotation": {"angle": 45, "axis": "z", "origin": [8, 8, 7]},
			"faces": {
				"north": {"uv": [6, 9, 8, 11.5], "texture": "#1"},
				"east": {"uv": [9, 6, 11, 8.5], "texture": "#1"},
				"south": {"uv": [8, 9, 10, 11.5], "texture": "#1"},
				"west": {"uv": [10, 9, 12, 11.5], "texture": "#1"},
				"up": {"uv": [4, 13, 2, 11], "texture": "#1"},
				"down": {"uv": [13, 2, 11, 4], "texture": "#1"}
			}
		},
		{
			"from": [11.3, 9.5, 7],
			"to": [12.3, 11.5, 8],
			"rotation": {"angle": -45, "axis": "z", "origin": [12, 10, 7]},
			"faces": {
				"north": {"uv": [4, 11, 5, 13], "texture": "#1"},
				"east": {"uv": [11, 4, 12, 6], "texture": "#1"},
				"south": {"uv": [5, 11, 6, 13], "texture": "#1"},
				"west": {"uv": [11, 6, 12, 8], "texture": "#1"},
				"up": {"uv": [7, 9, 6, 8], "texture": "#1"},
				"down": {"uv": [12, 8, 11, 9], "texture": "#1"}
			}
		},
		{
			"from": [4.8, 9.3, 7],
			"to": [5.8, 11.3, 8],
			"rotation": {"angle": 45, "axis": "z", "origin": [5, 10, 7]},
			"faces": {
				"north": {"uv": [12, 4, 13, 6], "texture": "#1"},
				"east": {"uv": [6, 12, 7, 14], "texture": "#1"},
				"south": {"uv": [12, 6, 13, 8], "texture": "#1"},
				"west": {"uv": [7, 12, 8, 14], "texture": "#1"},
				"up": {"uv": [9, 13, 8, 12], "texture": "#1"},
				"down": {"uv": [13, 8, 12, 9], "texture": "#1"}
			}
		},
		{
			"from": [8, 3.8, 7],
			"to": [10, 5.8, 12],
			"rotation": {"angle": 22.5, "axis": "y", "origin": [8, 3, 7]},
			"faces": {
				"north": {"uv": [5, 2, 7, 4], "texture": "#2"},
				"east": {"uv": [0, 0, 5, 2], "texture": "#2"},
				"south": {"uv": [7, 2, 9, 4], "texture": "#2"},
				"west": {"uv": [0, 2, 5, 4], "texture": "#2"},
				"up": {"uv": [2, 9, 0, 4], "texture": "#2"},
				"down": {"uv": [4, 4, 2, 9], "texture": "#2"}
			}
		},
		{
			"from": [7, 3.8, 6],
			"to": [9, 5.8, 11],
			"rotation": {"angle": -22.5, "axis": "y", "origin": [7, 3, 6]},
			"faces": {
				"north": {"uv": [8, 6, 10, 8], "texture": "#2"},
				"east": {"uv": [4, 4, 9, 6], "texture": "#2"},
				"south": {"uv": [8, 8, 10, 10], "texture": "#2"},
				"west": {"uv": [5, 0, 10, 2], "texture": "#2"},
				"up": {"uv": [6, 11, 4, 6], "texture": "#2"},
				"down": {"uv": [8, 6, 6, 11], "texture": "#2"}
			}
		}
	],
	"display": {
		"thirdperson_righthand": {
			"rotation": [-105.01, -0.89, 177.96],
			"translation": [0.75, -3.5, -5.25]
		},
		"firstperson_righthand": {
			"rotation": [0, -33.75, 0],
			"translation": [-0.5, 2.5, -0.5],
			"scale": [0.5, 0.5, 0.5]
		},
		"ground": {
			"rotation": [-90.73, -1.71, -177.86],
			"translation": [0, -0.75, 0]
		},
		"gui": {
			"translation": [-0.75, -2, 0],
			"scale": [1.5, 1.5, 1.5]
		},
		"head": {
			"rotation": [180, 0, 180],
			"translation": [0, 10.5, 0]
		},
		"fixed": {
			"rotation": [89.75, -3.75, 180],
			"translation": [1.5, -2, -16.75],
			"scale": [4, 4, 4]
		}
	},
	"groups": [
		0,
		{
			"name": "body",
			"origin": [8, 8, 8],
			"color": 0,
			"children": [1, 2, 3, 4, 5]
		},
		{
			"name": "leg",
			"origin": [8, 8, 8],
			"color": 0,
			"children": [6, 7]
		}
	]
}