{
	"credit": "by SJZMC",
	"texture_size": [64, 64],
	"textures": {
		"0": "item/dolls/sjz/yfskin",
		"1": "item/dolls/sjz/yf_body",
		"2": "item/dolls/sjz/yf_leg",
		"3": "item/shields/sjz/shield",
		"particle": "item/dolls/sjz/yfskin"
	},
	"elements": [
		{
			"name": "head",
			"from": [6, 9, 5],
			"to": [11, 14, 10],
			"rotation": {"angle": 0, "axis": "y", "origin": [6, 9, 5]},
			"faces": {
				"north": {"uv": [5.75, 2, 8, 4], "texture": "#0"},
				"east": {"uv": [5, 2, 7, 4], "texture": "#0"},
				"south": {"uv": [2, 2, 4, 3.75], "texture": "#0"},
				"west": {"uv": [0, 2, 2, 4], "texture": "#0"},
				"up": {"uv": [2, 0, 4, 2], "texture": "#0"},
				"down": {"uv": [1, 4, 3, 6], "texture": "#0"}
			}
		},
		{
			"from": [6.5, 5, 6],
			"to": [10.5, 9, 9],
			"rotation": {"angle": 0, "axis": "y", "origin": [6, 5, 6]},
			"faces": {
				"north": {"uv": [0, 0, 4, 4], "texture": "#1"},
				"east": {"uv": [4, 0, 7, 4], "texture": "#1"},
				"south": {"uv": [0, 4, 4, 8], "texture": "#1"},
				"west": {"uv": [4, 4, 7, 8], "texture": "#1"},
				"up": {"uv": [11, 3, 7, 0], "texture": "#1"},
				"down": {"uv": [11, 3, 7, 6], "texture": "#1"}
			}
		},
		{
			"from": [9.45616, 7, 7.29302],
			"to": [11.45616, 9, 9.79302],
			"rotation": {"angle": -22.5, "axis": "y", "origin": [10.5026, 7.85113, 9.5]},
			"faces": {
				"north": {"uv": [13, 0, 11, 2], "rotation": 180, "texture": "#1"},
				"east": {"uv": [0, 8, 2, 10.5], "rotation": 270, "texture": "#1"},
				"south": {"uv": [2, 13, 0, 11], "texture": "#1"},
				"west": {"uv": [4, 8, 6, 10.5], "rotation": 90, "texture": "#1"},
				"up": {"uv": [7, 6, 9, 8.5], "rotation": 180, "texture": "#1"},
				"down": {"uv": [2, 8, 4, 10.5], "texture": "#1"}
			}
		},
		{
			"from": [10.04905, 7.35113, 9.45698],
			"to": [11.04905, 8.35113, 11.45698],
			"rotation": {"angle": -22.5, "axis": "y", "origin": [10.5026, 7.85113, 9.5]},
			"faces": {
				"north": {"uv": [12, 8, 11, 9], "rotation": 180, "texture": "#1"},
				"east": {"uv": [11, 4, 12, 6], "rotation": 270, "texture": "#1"},
				"south": {"uv": [7, 9, 6, 8], "texture": "#1"},
				"west": {"uv": [11, 6, 12, 8], "rotation": 90, "texture": "#1"},
				"up": {"uv": [4, 11, 5, 13], "rotation": 180, "texture": "#1"},
				"down": {"uv": [5, 11, 6, 13], "texture": "#1"}
			}
		},
		{
			"from": [4.5, 7, 7.8],
			"to": [6.5, 9, 10.3],
			"rotation": {"angle": 22.5, "axis": "y", "origin": [6, 7, 7]},
			"faces": {
				"north": {"uv": [13, 2, 11, 4], "rotation": 90, "texture": "#1"},
				"east": {"uv": [6, 9, 8, 11.5], "rotation": 270, "texture": "#1"},
				"south": {"uv": [4, 13, 2, 11], "rotation": 90, "texture": "#1"},
				"west": {"uv": [8, 9, 10, 11.5], "rotation": 90, "texture": "#1"},
				"up": {"uv": [10, 9, 12, 11.5], "rotation": 180, "texture": "#1"},
				"down": {"uv": [9, 6, 11, 8.5], "texture": "#1"}
			}
		},
		{
			"from": [6.5, 7.5, 10],
			"to": [7.5, 8.5, 12],
			"rotation": {"angle": 22.5, "axis": "y", "origin": [7, 9, 11]},
			"faces": {
				"north": {"uv": [13, 8, 12, 9], "rotation": 90, "texture": "#1"},
				"east": {"uv": [12, 4, 13, 6], "rotation": 270, "texture": "#1"},
				"south": {"uv": [9, 13, 8, 12], "rotation": 90, "texture": "#1"},
				"west": {"uv": [12, 6, 13, 8], "rotation": 90, "texture": "#1"},
				"up": {"uv": [7, 12, 8, 14], "rotation": 180, "texture": "#1"},
				"down": {"uv": [6, 12, 7, 14], "texture": "#1"}
			}
		},
		{
			"from": [8, 3.8, 7],
			"to": [10, 5.8, 12],
			"rotation": {"angle": 22.5, "axis": "y", "origin": [8, 3, 7]},
			"faces": {
				"north": {"uv": [5, 2, 7, 4], "texture": "#2"},
				"east": {"uv": [0, 0, 5, 2], "texture": "#2"},
				"south": {"uv": [7, 2, 9, 4], "texture": "#2"},
				"west": {"uv": [0, 2, 5, 4], "texture": "#2"},
				"up": {"uv": [2, 9, 0, 4], "texture": "#2"},
				"down": {"uv": [4, 4, 2, 9], "texture": "#2"}
			}
		},
		{
			"from": [7, 3.8, 6],
			"to": [9, 5.8, 11],
			"rotation": {"angle": -22.5, "axis": "y", "origin": [7, 3, 6]},
			"faces": {
				"north": {"uv": [8, 6, 10, 8], "texture": "#2"},
				"east": {"uv": [4, 4, 9, 6], "texture": "#2"},
				"south": {"uv": [8, 8, 10, 10], "texture": "#2"},
				"west": {"uv": [5, 0, 10, 2], "texture": "#2"},
				"up": {"uv": [6, 11, 4, 6], "texture": "#2"},
				"down": {"uv": [8, 6, 6, 11], "texture": "#2"}
			}
		},
		{
			"from": [0, -1, 14],
			"to": [18, 22, 14],
			"rotation": {"angle": 0, "axis": "y", "origin": [0, -1, 14]},
			"faces": {
				"north": {"uv": [0, 0, 4.5, 5.75], "texture": "#3"},
				"east": {"uv": [0, 5.75, 0.25, 11.5], "texture": "#3"},
				"south": {"uv": [0, 0, 4.5, 5.75], "texture": "#3"},
				"west": {"uv": [0.25, 5.75, 0.5, 11.5], "texture": "#3"},
				"up": {"uv": [5, 6, 0.5, 5.75], "texture": "#3"},
				"down": {"uv": [9.5, 5.75, 5, 6], "texture": "#3"}
			}
		}
	],
	"display": {
		"thirdperson_righthand": {
			"rotation": [-132.59, 21.87, -175.33],
			"translation": [-2.5, -0.5, -2.25]
		},
		"firstperson_righthand": {
			"rotation": [0, 180, 0],
			"translation": [-0.5, 3.5, -0.5]
		},
		"ground": {
			"rotation": [-165, -1.71, -177.86],
			"translation": [0, 1.5, 0]
		},
		"gui": {
			"rotation": [0, 180, 0],
			"translation": [0.75, -2, 0],
			"scale": [0.84953, 0.74625, 3.44]
		},
		"head": {
			"rotation": [180, 0, 180],
			"translation": [0, 10.5, 0]
		},
		"fixed": {
			"rotation": [89.75, 3, 180],
			"translation": [1.5, -2, -16.75],
			"scale": [4, 4, 4]
		}
	},
	"groups": [
		0,
		{
			"name": "body",
			"origin": [8, 8, 8],
			"color": 0,
			"children": [
				1,
				{
					"name": "left",
					"origin": [12, 10, 7],
					"color": 0,
					"children": [2, 3]
				},
				{
					"name": "right",
					"origin": [5, 10, 7],
					"color": 0,
					"children": [4, 5]
				}
			]
		},
		{
			"name": "leg",
			"origin": [8, 8, 8],
			"color": 0,
			"children": [6, 7]
		},
		8
	]
}