{
	"credit": "Made with Blockbench",
	"textures": {
		"0": "item/tickets/oredrop/gold_ingot",
		"particle": "item/tickets/oredrop/gold_ingot"
	},
	"elements": [
		{
			"from": [2, 0, 2],
			"to": [14, 2, 14],
			"rotation": {"angle": 0, "axis": "y", "origin": [11, 0, 10]},
			"faces": {
				"north": {"uv": [1, 5, 13, 7], "texture": "#0"},
				"east": {"uv": [3, 5, 15, 7], "texture": "#0"},
				"south": {"uv": [1, 7, 13, 9], "texture": "#0"},
				"west": {"uv": [1, 4, 13, 6], "texture": "#0"},
				"up": {"uv": [2, 2, 14, 14], "texture": "#0"},
				"down": {"uv": [2, 2, 14, 14], "texture": "#0"}
			}
		},
		{
			"from": [3, 0, 14],
			"to": [13, 2, 15],
			"rotation": {"angle": 0, "axis": "y", "origin": [2, 0, 13]},
			"faces": {
				"north": {"uv": [0, 0, 10, 2], "texture": "#missing"},
				"east": {"uv": [6, 8, 7, 10], "texture": "#0"},
				"south": {"uv": [3, 5, 13, 7], "texture": "#0"},
				"west": {"uv": [10, 9, 11, 11], "texture": "#0"},
				"up": {"uv": [3, 14, 13, 15], "texture": "#0"},
				"down": {"uv": [3, 1, 13, 2], "texture": "#0"}
			}
		},
		{
			"from": [1, 0, 3],
			"to": [2, 2, 13],
			"rotation": {"angle": 0, "axis": "y", "origin": [0, 0, 3]},
			"faces": {
				"north": {"uv": [10, 9, 11, 11], "texture": "#0"},
				"east": {"uv": [0, 0, 10, 2], "texture": "#missing"},
				"south": {"uv": [6, 9, 7, 11], "texture": "#0"},
				"west": {"uv": [3, 3, 13, 5], "texture": "#0"},
				"up": {"uv": [1, 3, 2, 13], "texture": "#0"},
				"down": {"uv": [1, 3, 2, 13], "texture": "#0"}
			}
		},
		{
			"from": [3, 0, 1],
			"to": [13, 2, 2],
			"rotation": {"angle": 0, "axis": "y", "origin": [2, 0, 0]},
			"faces": {
				"north": {"uv": [3, 3, 13, 5], "texture": "#0"},
				"east": {"uv": [0, 0, 1, 2], "texture": "#missing"},
				"south": {"uv": [0, 0, 10, 2], "texture": "#missing"},
				"west": {"uv": [2, 7, 3, 9], "texture": "#0"},
				"up": {"uv": [3, 1, 13, 2], "texture": "#0"},
				"down": {"uv": [3, 14, 13, 15], "texture": "#0"}
			}
		},
		{
			"from": [14, 0, 3],
			"to": [15, 2, 13],
			"rotation": {"angle": 0, "axis": "y", "origin": [13, 0, 3]},
			"faces": {
				"north": {"uv": [4, 8, 5, 10], "texture": "#0"},
				"east": {"uv": [3, 4, 13, 6], "texture": "#0"},
				"south": {"uv": [6, 9, 7, 11], "texture": "#0"},
				"west": {"uv": [0, 0, 10, 2], "texture": "#missing"},
				"up": {"uv": [14, 3, 15, 13], "texture": "#0"},
				"down": {"uv": [1, 3, 2, 13], "texture": "#0"}
			}
		}
	],
	"display": {
		"thirdperson_righthand": {
			"rotation": [42, -26, 13],
			"translation": [0, 2.5, 0],
			"scale": [0.3, 0.3, 0.3]
		},
		"thirdperson_lefthand": {
			"rotation": [42, -26, 13],
			"translation": [0, 2.5, 0],
			"scale": [0.3, 0.3, 0.3]
		},
		"firstperson_righthand": {
			"rotation": [46, 0, 0],
			"translation": [0, 2.5, 0],
			"scale": [0.3, 0.3, 0.3]
		},
		"firstperson_lefthand": {
			"rotation": [46, 0, 0],
			"translation": [0, 2.5, 0],
			"scale": [0.3, 0.3, 0.3]
		},
		"ground": {
			"translation": [0, 2, 0],
			"scale": [0.3, 0.3, 0.3]
		},
		"gui": {
			"rotation": [90, 0, 0],
			"scale": [0.55, 0.55, 0.55]
		},
		"head": {
			"rotation": [42, -26, 13],
			"translation": [0, 9.5, 0],
			"scale": [0.3, 0.3, 0.3]
		},
		"fixed": {
			"rotation": [-90, -180, 0],
			"translation": [0, 0, -9.5]
		}
	},
	"groups": [
		{
			"name": "group",
			"origin": [13, 0, 3],
			"color": 0,
			"children": [0, 1, 2, 3, 4]
		}
	]
}