{
	"credit": "Made by PolygonMC",
	"textures": {
		"1": "item/valentine/animations/animations_1",
		"3": "item/valentine/fishing_rod"
	},
	"elements": [
		{
			"from": [7.4, 1.4, 7.4],
			"to": [8.6, 3.65, 8.6],
			"rotation": {"angle": 45, "axis": "y", "origin": [8, 4.4, 8]},
			"faces": {
				"north": {"uv": [7.33333, 10.66667, 8, 12.33333], "texture": "#3"},
				"east": {"uv": [10.66667, 7.33333, 11.33333, 9], "texture": "#3"},
				"south": {"uv": [8, 10.66667, 8.66667, 12.33333], "texture": "#3"},
				"west": {"uv": [8.66667, 10.66667, 9.33333, 12.33333], "texture": "#3"},
				"up": {"uv": [6, 2.66667, 5.33333, 2], "texture": "#3"}
			}
		},
		{
			"from": [7.4, 5.15, 7.4],
			"to": [8.6, 7.9, 8.6],
			"rotation": {"angle": 45, "axis": "y", "origin": [8, 4.4, 8]},
			"faces": {
				"north": {"uv": [5.33333, 0, 6, 2], "texture": "#3"},
				"east": {"uv": [6, 10, 6.66667, 12], "texture": "#3"},
				"south": {"uv": [6.66667, 10, 7.33333, 12], "texture": "#3"},
				"west": {"uv": [10, 7.33333, 10.66667, 9.33333], "texture": "#3"},
				"down": {"uv": [2, 11.33333, 1.33333, 12], "texture": "#3"}
			}
		},
		{
			"from": [7.5, 3.65, 7.5],
			"to": [8.5, 5.15, 8.5],
			"rotation": {"angle": 45, "axis": "y", "origin": [8, 4.4, 8]},
			"faces": {
				"north": {"uv": [6.66667, 12, 7.33333, 13], "texture": "#3"},
				"east": {"uv": [7.33333, 12.66667, 8, 13.66667], "texture": "#3"},
				"south": {"uv": [12.66667, 7.33333, 13.33333, 8.33333], "texture": "#3"},
				"west": {"uv": [8, 12.66667, 8.66667, 13.66667], "texture": "#3"}
			}
		},
		{
			"from": [7.25, 2.7, 7.25],
			"to": [8.75, 3.2, 8.75],
			"rotation": {"angle": 45, "axis": "y", "origin": [8, 3.95, 8]},
			"faces": {
				"north": {"uv": [1.33333, 13.33333, 2.33333, 13.66667], "texture": "#3"},
				"east": {"uv": [2.66667, 13.33333, 3.66667, 13.66667], "texture": "#3"},
				"south": {"uv": [4, 13.33333, 5, 13.66667], "texture": "#3"},
				"west": {"uv": [5.33333, 13.33333, 6.33333, 13.66667], "texture": "#3"},
				"up": {"uv": [10.33333, 11.66667, 9.33333, 10.66667], "texture": "#3"},
				"down": {"uv": [11.66667, 10.66667, 10.66667, 11.66667], "texture": "#3"}
			}
		},
		{
			"from": [7.25, 5.6, 7.25],
			"to": [8.75, 6.1, 8.75],
			"rotation": {"angle": 45, "axis": "y", "origin": [8, 6.85, 8]},
			"faces": {
				"north": {"uv": [13.33333, 7.33333, 14.33333, 7.66667], "texture": "#3"},
				"east": {"uv": [13.33333, 8, 14.33333, 8.33333], "texture": "#3"},
				"south": {"uv": [8.66667, 13.33333, 9.66667, 13.66667], "texture": "#3"},
				"west": {"uv": [13.33333, 8.66667, 14.33333, 9], "texture": "#3"},
				"up": {"uv": [1, 12.33333, 0, 11.33333], "texture": "#3"},
				"down": {"uv": [12.33333, 1.33333, 11.33333, 2.33333], "texture": "#3"}
			}
		},
		{
			"from": [7.25, 6.5, 7.25],
			"to": [8.75, 7, 8.75],
			"rotation": {"angle": 45, "axis": "y", "origin": [8, 7.75, 8]},
			"faces": {
				"north": {"uv": [13.33333, 9.33333, 14.33333, 9.66667], "texture": "#3"},
				"east": {"uv": [10, 13.33333, 11, 13.66667], "texture": "#3"},
				"south": {"uv": [13.33333, 10, 14.33333, 10.33333], "texture": "#3"},
				"west": {"uv": [13.33333, 10.66667, 14.33333, 11], "texture": "#3"},
				"up": {"uv": [12.33333, 3.66667, 11.33333, 2.66667], "texture": "#3"},
				"down": {"uv": [12.33333, 4, 11.33333, 5], "texture": "#3"}
			}
		},
		{
			"from": [6.85, 8.25, 7.08579],
			"to": [9.15, 9.75, 8.58579],
			"rotation": {"angle": 45, "axis": "x", "origin": [7.5, 8.25, 6.58579]},
			"faces": {
				"east": {"uv": [11.33333, 5.33333, 12.33333, 6.33333], "texture": "#3"},
				"south": {"uv": [9.33333, 1.33333, 11, 2.33333], "texture": "#3"},
				"west": {"uv": [11.33333, 7.33333, 12.33333, 8.33333], "texture": "#3"},
				"down": {"uv": [3.66667, 9.33333, 2, 10.33333], "texture": "#3"}
			}
		},
		{
			"from": [6.85, 9.89645, 6.73223],
			"to": [9.15, 11.39645, 8.23223],
			"rotation": {"angle": 45, "axis": "x", "origin": [7.5, 7.89645, 6.23223]},
			"faces": {
				"north": {"uv": [9.33333, 2.66667, 11, 3.66667], "texture": "#3"},
				"east": {"uv": [11.33333, 8.66667, 12.33333, 9.66667], "texture": "#3"},
				"south": {"uv": [4, 9.33333, 5.66667, 10.33333], "texture": "#3"},
				"west": {"uv": [12, 0, 13, 1], "texture": "#3"},
				"up": {"uv": [11, 5, 9.33333, 4], "texture": "#3"}
			}
		},
		{
			"from": [6.85, 7.89645, 5.43934],
			"to": [9.15, 9.39645, 6.93934],
			"rotation": {"angle": 45, "axis": "x", "origin": [7.5, 7.89645, 6.93934]},
			"faces": {
				"north": {"uv": [9.33333, 5.33333, 11, 6.33333], "texture": "#3"},
				"east": {"uv": [1.33333, 12, 2.33333, 13], "texture": "#3"},
				"west": {"uv": [2.66667, 12, 3.66667, 13], "texture": "#3"},
				"up": {"uv": [9, 10.33333, 7.33333, 9.33333], "texture": "#3"},
				"down": {"uv": [11, 9.33333, 9.33333, 10.33333], "texture": "#3"}
			}
		},
		{
			"from": [7.085, 0.335, 7.085],
			"to": [8.915, 2.165, 8.915],
			"rotation": {"angle": -45, "axis": "x", "origin": [8, 1.25, 8]},
			"faces": {
				"north": {"uv": [7.33333, 6.66667, 8.66667, 8], "texture": "#3"},
				"east": {"uv": [8, 0, 9.33333, 1.33333], "texture": "#3"},
				"south": {"uv": [8, 1.33333, 9.33333, 2.66667], "texture": "#3"},
				"west": {"uv": [8, 2.66667, 9.33333, 4], "texture": "#3"},
				"up": {"uv": [9.33333, 5.33333, 8, 4], "texture": "#3"},
				"down": {"uv": [9.33333, 5.33333, 8, 6.66667], "texture": "#3"}
			}
		},
		{
			"from": [7.995, 7.75, 9.5],
			"to": [8.005, 11.75, 14.5],
			"rotation": {"angle": -22.5, "axis": "x", "origin": [8, 9, 12]},
			"faces": {
				"east": {"uv": [5.33333, 0, 2, 2.66667], "texture": "#3"},
				"west": {"uv": [2, 0, 5.33333, 2.66667], "texture": "#3"}
			}
		},
		{
			"from": [6.5, 4.75, 4.25],
			"to": [6.5, 12.75, 12.25],
			"rotation": {"angle": 0, "axis": "y", "origin": [6.5, 4.75, 4.25]},
			"faces": {
				"west": {"uv": [0, 0, 16, 16], "texture": "#1"}
			}
		},
		{
			"from": [9.5, 4.75, 4.25],
			"to": [9.5, 12.75, 12.25],
			"rotation": {"angle": 0, "axis": "y", "origin": [9.5, 4.75, 4.25]},
			"faces": {
				"east": {"uv": [16, 0, 0, 16], "texture": "#1"}
			}
		},
		{
			"from": [7.25, 8.95711, 7.25],
			"to": [8.75, 13.45711, 8.75],
			"rotation": {"angle": -45, "axis": "y", "origin": [8, 11.70711, 8]},
			"faces": {
				"north": {"uv": [2, 2.66667, 3, 5.66667], "texture": "#3"},
				"east": {"uv": [3.33333, 2.66667, 4.33333, 5.66667], "texture": "#3"},
				"south": {"uv": [4.66667, 2.66667, 5.66667, 5.66667], "texture": "#3"},
				"west": {"uv": [6, 0, 7, 3], "texture": "#3"},
				"up": {"uv": [5, 13, 4, 12], "texture": "#3"},
				"down": {"uv": [6.33333, 12, 5.33333, 13], "texture": "#3"}
			}
		},
		{
			"from": [7.3, 14.45711, 7.3],
			"to": [8.7, 18.95711, 8.7],
			"rotation": {"angle": -45, "axis": "y", "origin": [8, 17.20711, 8]},
			"faces": {
				"north": {"uv": [2, 6, 3, 9], "texture": "#3"},
				"east": {"uv": [3.33333, 6, 4.33333, 9], "texture": "#3"},
				"south": {"uv": [6, 3.33333, 7, 6.33333], "texture": "#3"},
				"west": {"uv": [4.66667, 6, 5.66667, 9], "texture": "#3"},
				"up": {"uv": [10.33333, 13, 9.33333, 12], "texture": "#3"},
				"down": {"uv": [13, 10, 12, 11], "texture": "#3"}
			}
		},
		{
			"from": [7.4, 19.95711, 7.4],
			"to": [8.6, 24.45711, 8.6],
			"rotation": {"angle": -45, "axis": "y", "origin": [8, 22.70711, 8]},
			"faces": {
				"north": {"uv": [6, 6.66667, 6.66667, 9.66667], "texture": "#3"},
				"east": {"uv": [6.66667, 6.66667, 7.33333, 9.66667], "texture": "#3"},
				"south": {"uv": [7.33333, 0, 8, 3], "texture": "#3"},
				"west": {"uv": [7.33333, 3.33333, 8, 6.33333], "texture": "#3"},
				"up": {"uv": [12, 10.66667, 11.33333, 10], "texture": "#3"},
				"down": {"uv": [9.33333, 12.66667, 8.66667, 13.33333], "texture": "#3"}
			}
		},
		{
			"from": [7, 13.45711, 7],
			"to": [9, 14.45711, 9],
			"rotation": {"angle": 45, "axis": "y", "origin": [8, 13.95711, 8]},
			"faces": {
				"north": {"uv": [12.66667, 1.33333, 14, 2], "texture": "#3"},
				"east": {"uv": [12.66667, 2, 14, 2.66667], "texture": "#3"},
				"south": {"uv": [12.66667, 2.66667, 14, 3.33333], "texture": "#3"},
				"west": {"uv": [12.66667, 3.33333, 14, 4], "texture": "#3"},
				"up": {"uv": [8.66667, 9.33333, 7.33333, 8], "texture": "#3"},
				"down": {"uv": [10, 6.66667, 8.66667, 8], "texture": "#3"}
			}
		},
		{
			"from": [7.1, 18.95711, 7.1],
			"to": [8.9, 19.95711, 8.9],
			"rotation": {"angle": 45, "axis": "y", "origin": [8, 19.45711, 8]},
			"faces": {
				"north": {"uv": [12.66667, 4, 14, 4.66667], "texture": "#3"},
				"east": {"uv": [12.66667, 4.66667, 14, 5.33333], "texture": "#3"},
				"south": {"uv": [12.66667, 5.33333, 14, 6], "texture": "#3"},
				"west": {"uv": [12.66667, 6, 14, 6.66667], "texture": "#3"},
				"up": {"uv": [10, 9.33333, 8.66667, 8], "texture": "#3"},
				"down": {"uv": [10.66667, 0, 9.33333, 1.33333], "texture": "#3"}
			}
		},
		{
			"from": [7.05, 23.39645, 8],
			"to": [8.95, 24.89645, 9.5],
			"rotation": {"angle": -45, "axis": "x", "origin": [7.25, 23.39645, 8]},
			"faces": {
				"north": {"uv": [10.66667, 0, 12, 1], "texture": "#3"},
				"east": {"uv": [10.66667, 12, 11.66667, 13], "texture": "#3"},
				"south": {"uv": [2, 10.66667, 3.33333, 11.66667], "texture": "#3"},
				"west": {"uv": [12, 11.33333, 13, 12.33333], "texture": "#3"},
				"up": {"uv": [4.66667, 11.66667, 3.33333, 10.66667], "texture": "#3"},
				"down": {"uv": [6, 10.66667, 4.66667, 11.66667], "texture": "#3"}
			}
		},
		{
			"from": [7.985, 7.95, 4.5],
			"to": [8.015, 24.95, 7.5],
			"rotation": {"angle": 0, "axis": "y", "origin": [7.985, 8, -0.5]},
			"faces": {
				"east": {"uv": [2, 0, 0, 11.33333], "texture": "#3"},
				"west": {"uv": [0, 0, 2, 11.33333], "texture": "#3"}
			}
		}
	],
	"gui_light": "front",
	"display": {
		"thirdperson_righthand": {
			"rotation": [18.75, 0, 0],
			"translation": [0, 1, 1.75]
		},
		"thirdperson_lefthand": {
			"rotation": [18.75, 0, 0],
			"translation": [0, 1, 1.75]
		},
		"firstperson_righthand": {
			"rotation": [-66.25, 13.31, -28.42],
			"translation": [-3.5, 4.5, 4.5]
		},
		"firstperson_lefthand": {
			"rotation": [-66.25, 13.31, -28.42],
			"translation": [-3.5, 4.5, 4.5]
		},
		"ground": {
			"rotation": [-45, 0, 0],
			"translation": [0, 5, 0],
			"scale": [0.7, 0.7, 0.7]
		},
		"gui": {
			"rotation": [-90, 45, 90],
			"translation": [2.75, -2.5, 0],
			"scale": [0.8, 0.8, 0.8]
		},
		"head": {
			"rotation": [0, -90, 0]
		},
		"fixed": {
			"rotation": [0, -90, 0],
			"translation": [0, -10.25, -2],
			"scale": [2, 2, 2]
		}
	}
}