{
	"credit": "by SJZMC",
	"texture_size": [128, 128],
	"textures": {
		"0": "item/weapons/chiikawa_weapon/pink",
		"particle": "item/weapons/chiikawa_weapon/pink"
	},
	"elements": [
		{
			"name": "stick",
			"from": [9, 8, 6],
			"to": [10, 18, 7],
			"rotation": {"angle": 0, "axis": "y", "origin": [9, 8, 6]},
			"faces": {
				"north": {"uv": [0, 0, 1, 10], "texture": "#0"},
				"east": {"uv": [1, 0, 2, 10], "texture": "#0"},
				"south": {"uv": [2, 0, 3, 10], "texture": "#0"},
				"west": {"uv": [3, 0, 4, 10], "texture": "#0"},
				"up": {"uv": [9, 9, 8, 8], "texture": "#0"},
				"down": {"uv": [9, 9, 8, 10], "texture": "#0"}
			}
		},
		{
			"from": [7.05, 18.18, 6],
			"to": [8.05, 23.68, 7],
			"rotation": {"angle": 0, "axis": "y", "origin": [11, 18, 6]},
			"faces": {
				"north": {"uv": [4, 0, 5, 5.5], "texture": "#0"},
				"east": {"uv": [5, 0, 6, 5.5], "texture": "#0"},
				"south": {"uv": [6, 0, 7, 5.5], "texture": "#0"},
				"west": {"uv": [4, 6, 5, 11.5], "texture": "#0"},
				"up": {"uv": [10, 9, 9, 8], "texture": "#0"},
				"down": {"uv": [10, 9, 9, 10], "texture": "#0"}
			}
		},
		{
			"from": [6.5, 17.155, 6],
			"to": [7.5, 18.155, 7],
			"rotation": {"angle": -45, "axis": "z", "origin": [8, 17, 6]},
			"faces": {
				"north": {"uv": [0, 10, 1, 11], "texture": "#0"},
				"east": {"uv": [10, 0, 11, 1], "texture": "#0"},
				"south": {"uv": [1, 10, 2, 11], "texture": "#0"},
				"west": {"uv": [10, 1, 11, 2], "texture": "#0"},
				"up": {"uv": [3, 11, 2, 10], "texture": "#0"},
				"down": {"uv": [11, 2, 10, 3], "texture": "#0"}
			}
		},
		{
			"from": [6.92, 16.8, 6],
			"to": [8.92, 17.8, 7],
			"rotation": {"angle": -22.5, "axis": "z", "origin": [9, 15, 6]},
			"faces": {
				"north": {"uv": [8, 0, 10, 1], "texture": "#0"},
				"east": {"uv": [3, 10, 4, 11], "texture": "#0"},
				"south": {"uv": [8, 1, 10, 2], "texture": "#0"},
				"west": {"uv": [10, 3, 11, 4], "texture": "#0"},
				"up": {"uv": [10, 3, 8, 2], "texture": "#0"},
				"down": {"uv": [10, 3, 8, 4], "texture": "#0"}
			}
		},
		{
			"from": [10.96, 18.18, 6],
			"to": [11.96, 23.68, 7],
			"rotation": {"angle": 0, "axis": "y", "origin": [12, 18, 6]},
			"faces": {
				"north": {"uv": [5, 6, 6, 11.5], "texture": "#0"},
				"east": {"uv": [6, 6, 7, 11.5], "texture": "#0"},
				"south": {"uv": [7, 0, 8, 5.5], "texture": "#0"},
				"west": {"uv": [7, 6, 8, 11.5], "texture": "#0"},
				"up": {"uv": [11, 5, 10, 4], "texture": "#0"},
				"down": {"uv": [11, 5, 10, 6], "texture": "#0"}
			}
		},
		{
			"from": [10.38, 18.44, 6],
			"to": [11.38, 19.44, 7],
			"rotation": {"angle": 45, "axis": "z", "origin": [12, 19, 6]},
			"faces": {
				"north": {"uv": [10, 6, 11, 7], "texture": "#0"},
				"east": {"uv": [10, 7, 11, 8], "texture": "#0"},
				"south": {"uv": [8, 10, 9, 11], "texture": "#0"},
				"west": {"uv": [10, 8, 11, 9], "texture": "#0"},
				"up": {"uv": [10, 11, 9, 10], "texture": "#0"},
				"down": {"uv": [11, 9, 10, 10], "texture": "#0"}
			}
		},
		{
			"from": [8.03, 16.405, 6],
			"to": [10.03, 17.405, 7],
			"rotation": {"angle": 22.5, "axis": "z", "origin": [8, 20, 6]},
			"faces": {
				"north": {"uv": [8, 4, 10, 5], "texture": "#0"},
				"east": {"uv": [10, 10, 11, 11], "texture": "#0"},
				"south": {"uv": [8, 5, 10, 6], "texture": "#0"},
				"west": {"uv": [0, 11, 1, 12], "texture": "#0"},
				"up": {"uv": [10, 7, 8, 6], "texture": "#0"},
				"down": {"uv": [10, 7, 8, 8], "texture": "#0"}
			}
		},
		{
			"from": [6.5, 18, 6.25],
			"to": [7, 18.5, 6.75],
			"rotation": {"angle": 45, "axis": "z", "origin": [6, 19, 9]},
			"faces": {
				"north": {"uv": [11, 0, 11.5, 0.5], "texture": "#0"},
				"east": {"uv": [1, 11, 1.5, 11.5], "texture": "#0"},
				"south": {"uv": [11, 1, 11.5, 1.5], "texture": "#0"},
				"west": {"uv": [2, 11, 2.5, 11.5], "texture": "#0"},
				"up": {"uv": [11.5, 2.5, 11, 2], "texture": "#0"},
				"down": {"uv": [3.5, 11, 3, 11.5], "texture": "#0"}
			}
		},
		{
			"from": [6.5, 20, 6.25],
			"to": [7, 20.5, 6.75],
			"rotation": {"angle": 45, "axis": "z", "origin": [6, 21, 9]},
			"faces": {
				"north": {"uv": [11, 3, 11.5, 3.5], "texture": "#0"},
				"east": {"uv": [11, 4, 11.5, 4.5], "texture": "#0"},
				"south": {"uv": [11, 5, 11.5, 5.5], "texture": "#0"},
				"west": {"uv": [11, 6, 11.5, 6.5], "texture": "#0"},
				"up": {"uv": [11.5, 7.5, 11, 7], "texture": "#0"},
				"down": {"uv": [8.5, 11, 8, 11.5], "texture": "#0"}
			}
		},
		{
			"from": [6.5, 22, 6.25],
			"to": [7, 22.5, 6.75],
			"rotation": {"angle": 45, "axis": "z", "origin": [6, 23, 9]},
			"faces": {
				"north": {"uv": [11, 8, 11.5, 8.5], "texture": "#0"},
				"east": {"uv": [9, 11, 9.5, 11.5], "texture": "#0"},
				"south": {"uv": [11, 9, 11.5, 9.5], "texture": "#0"},
				"west": {"uv": [10, 11, 10.5, 11.5], "texture": "#0"},
				"up": {"uv": [11.5, 10.5, 11, 10], "texture": "#0"},
				"down": {"uv": [11.5, 11, 11, 11.5], "texture": "#0"}
			}
		},
		{
			"from": [7.5, 22, 6.25],
			"to": [8, 22.5, 6.75],
			"rotation": {"angle": 45, "axis": "z", "origin": [7, 23, 9]},
			"faces": {
				"north": {"uv": [0, 12, 0.5, 12.5], "texture": "#0"},
				"east": {"uv": [12, 0, 12.5, 0.5], "texture": "#0"},
				"south": {"uv": [1, 12, 1.5, 12.5], "texture": "#0"},
				"west": {"uv": [12, 1, 12.5, 1.5], "texture": "#0"},
				"up": {"uv": [2.5, 12.5, 2, 12], "texture": "#0"},
				"down": {"uv": [12.5, 2, 12, 2.5], "texture": "#0"}
			}
		},
		{
			"from": [7.5, 20, 6.25],
			"to": [8, 20.5, 6.75],
			"rotation": {"angle": 45, "axis": "z", "origin": [7, 21, 9]},
			"faces": {
				"north": {"uv": [3, 12, 3.5, 12.5], "texture": "#0"},
				"east": {"uv": [12, 3, 12.5, 3.5], "texture": "#0"},
				"south": {"uv": [4, 12, 4.5, 12.5], "texture": "#0"},
				"west": {"uv": [12, 4, 12.5, 4.5], "texture": "#0"},
				"up": {"uv": [5.5, 12.5, 5, 12], "texture": "#0"},
				"down": {"uv": [12.5, 5, 12, 5.5], "texture": "#0"}
			}
		},
		{
			"from": [7.5, 18, 6.25],
			"to": [8, 18.5, 6.75],
			"rotation": {"angle": 45, "axis": "z", "origin": [7, 19, 9]},
			"faces": {
				"north": {"uv": [6, 12, 6.5, 12.5], "texture": "#0"},
				"east": {"uv": [12, 6, 12.5, 6.5], "texture": "#0"},
				"south": {"uv": [7, 12, 7.5, 12.5], "texture": "#0"},
				"west": {"uv": [12, 7, 12.5, 7.5], "texture": "#0"},
				"up": {"uv": [8.5, 12.5, 8, 12], "texture": "#0"},
				"down": {"uv": [12.5, 8, 12, 8.5], "texture": "#0"}
			}
		},
		{
			"from": [11.3, 22, 6.25],
			"to": [11.8, 22.5, 6.75],
			"rotation": {"angle": 45, "axis": "z", "origin": [11, 23, 9]},
			"faces": {
				"north": {"uv": [9, 12, 9.5, 12.5], "texture": "#0"},
				"east": {"uv": [12, 9, 12.5, 9.5], "texture": "#0"},
				"south": {"uv": [10, 12, 10.5, 12.5], "texture": "#0"},
				"west": {"uv": [12, 10, 12.5, 10.5], "texture": "#0"},
				"up": {"uv": [11.5, 12.5, 11, 12], "texture": "#0"},
				"down": {"uv": [12.5, 11, 12, 11.5], "texture": "#0"}
			}
		},
		{
			"from": [11.3, 20, 6.25],
			"to": [11.8, 20.5, 6.75],
			"rotation": {"angle": 45, "axis": "z", "origin": [11, 21, 9]},
			"faces": {
				"north": {"uv": [12, 12, 12.5, 12.5], "texture": "#0"},
				"east": {"uv": [0, 13, 0.5, 13.5], "texture": "#0"},
				"south": {"uv": [13, 0, 13.5, 0.5], "texture": "#0"},
				"west": {"uv": [1, 13, 1.5, 13.5], "texture": "#0"},
				"up": {"uv": [13.5, 1.5, 13, 1], "texture": "#0"},
				"down": {"uv": [2.5, 13, 2, 13.5], "texture": "#0"}
			}
		},
		{
			"from": [11.3, 18, 6.25],
			"to": [11.8, 18.5, 6.75],
			"rotation": {"angle": 45, "axis": "z", "origin": [11, 19, 9]},
			"faces": {
				"north": {"uv": [13, 2, 13.5, 2.5], "texture": "#0"},
				"east": {"uv": [3, 13, 3.5, 13.5], "texture": "#0"},
				"south": {"uv": [13, 3, 13.5, 3.5], "texture": "#0"},
				"west": {"uv": [4, 13, 4.5, 13.5], "texture": "#0"},
				"up": {"uv": [13.5, 4.5, 13, 4], "texture": "#0"},
				"down": {"uv": [5.5, 13, 5, 13.5], "texture": "#0"}
			}
		},
		{
			"from": [10.35, 18, 6.24],
			"to": [10.85, 18.5, 6.74],
			"rotation": {"angle": 45, "axis": "z", "origin": [10, 19, 9]},
			"faces": {
				"north": {"uv": [13, 5, 13.5, 5.5], "texture": "#0"},
				"east": {"uv": [6, 13, 6.5, 13.5], "texture": "#0"},
				"south": {"uv": [13, 6, 13.5, 6.5], "texture": "#0"},
				"west": {"uv": [7, 13, 7.5, 13.5], "texture": "#0"},
				"up": {"uv": [13.5, 7.5, 13, 7], "texture": "#0"},
				"down": {"uv": [8.5, 13, 8, 13.5], "texture": "#0"}
			}
		},
		{
			"from": [10.35, 20, 6.24],
			"to": [10.85, 20.5, 6.74],
			"rotation": {"angle": 45, "axis": "z", "origin": [10, 21, 9]},
			"faces": {
				"north": {"uv": [13, 8, 13.5, 8.5], "texture": "#0"},
				"east": {"uv": [9, 13, 9.5, 13.5], "texture": "#0"},
				"south": {"uv": [13, 9, 13.5, 9.5], "texture": "#0"},
				"west": {"uv": [10, 13, 10.5, 13.5], "texture": "#0"},
				"up": {"uv": [13.5, 10.5, 13, 10], "texture": "#0"},
				"down": {"uv": [11.5, 13, 11, 13.5], "texture": "#0"}
			}
		},
		{
			"from": [10.35, 22, 6.24],
			"to": [10.85, 22.5, 6.74],
			"rotation": {"angle": 45, "axis": "z", "origin": [10, 23, 9]},
			"faces": {
				"north": {"uv": [13, 11, 13.5, 11.5], "texture": "#0"},
				"east": {"uv": [12, 13, 12.5, 13.5], "texture": "#0"},
				"south": {"uv": [13, 12, 13.5, 12.5], "texture": "#0"},
				"west": {"uv": [13, 13, 13.5, 13.5], "texture": "#0"},
				"up": {"uv": [0.5, 14.5, 0, 14], "texture": "#0"},
				"down": {"uv": [14.5, 0, 14, 0.5], "texture": "#0"}
			}
		}
	],
	"display": {
		"thirdperson_righthand": {
			"rotation": [0, 94, 0],
			"translation": [1.75, -6.5, 2]
		},
		"thirdperson_lefthand": {
			"rotation": [77, 9, 58],
			"translation": [2, -9.75, 4.75]
		},
		"firstperson_righthand": {
			"rotation": [-13, -79, -6],
			"translation": [2.5, -1.5, -2]
		},
		"ground": {
			"rotation": [65, 0, 0],
			"translation": [-2, -4.5, -8.5]
		},
		"gui": {
			"rotation": [4, 29, -45],
			"translation": [-4.75, -5.75, 0]
		},
		"head": {
			"rotation": [-4, 0, 42],
			"translation": [5.25, -30, 10.25],
			"scale": [2, 2, 2]
		},
		"fixed": {
			"rotation": [0, -12, 30],
			"translation": [2.75, -10, 0.5],
			"scale": [1.47, 1.27, 1.72]
		}
	},
	"groups": [
		0,
		{
			"name": "w",
			"origin": [9, 15, 6],
			"color": 0,
			"children": [1, 2, 3]
		},
		{
			"name": "E",
			"origin": [9, 15, 6],
			"color": 0,
			"children": [4, 5, 6]
		},
		{
			"name": "w_spike",
			"origin": [6, 23, 9],
			"color": 0,
			"children": [7, 8, 9, 10, 11, 12]
		},
		{
			"name": "E_spike",
			"origin": [11, 19, 9],
			"color": 0,
			"children": [13, 14, 15, 16, 17, 18]
		}
	]
}